file,line,type,commit,author,date,time,timezone,datetime,depth,length
styles.css,1,css,8c2f174a,Susana,2025-10-07,23:31:52,-07:00,2025-10-07T23:31:52-07:00,0,0
styles.css,2,css,8c2f174a,Susana,2025-10-07,23:31:52,-07:00,2025-10-07T23:31:52-07:00,0,0
styles.css,3,css,acaa649e,Susana,2025-10-09,22:47:37,-07:00,2025-10-09T22:47:37-07:00,0,5
styles.css,4,css,2a032461,Susana,2025-10-16,22:43:11,-07:00,2025-10-16T22:43:11-07:00,1,22
styles.css,5,css,63b40f98,Susana,2025-10-16,22:19:32,-07:00,2025-10-16T22:19:32-07:00,1,39
styles.css,6,css,8c2f174a,Susana,2025-10-07,23:31:52,-07:00,2025-10-07T23:31:52-07:00,2,0
styles.css,7,css,acaa649e,Susana,2025-10-09,22:47:37,-07:00,2025-10-09T22:47:37-07:00,0,0
styles.css,8,css,acaa649e,Susana,2025-10-09,22:47:37,-07:00,2025-10-09T22:47:37-07:00,0,4
styles.css,9,css,2a032461,Susana,2025-10-16,22:43:11,-07:00,2025-10-16T22:43:11-07:00,1,23
styles.css,10,css,63b40f98,Susana,2025-10-16,22:19:32,-07:00,2025-10-16T22:19:32-07:00,1,32
styles.css,11,css,2a032461,Susana,2025-10-16,22:43:11,-07:00,2025-10-16T22:43:11-07:00,1,23
styles.css,12,css,2a032461,Susana,2025-10-16,22:43:11,-07:00,2025-10-16T22:43:11-07:00,1,16
styles.css,13,css,8c2f174a,Susana,2025-10-07,23:31:52,-07:00,2025-10-07T23:31:52-07:00,0,0
styles.css,14,css,8c2f174a,Susana,2025-10-07,23:31:52,-07:00,2025-10-07T23:31:52-07:00,0,0
styles.css,15,css,0af3ccd4,Susana,2025-10-07,20:48:21,-07:00,2025-10-07T20:48:21-07:00,0,2
styles.css,16,css,2a032461,Susana,2025-10-16,22:43:11,-07:00,2025-10-16T22:43:11-07:00,1,16
styles.css,17,css,f52bf6d8,Susana,2025-10-10,18:13:29,-07:00,2025-10-10T18:13:29-07:00,1,13
styles.css,18,css,f52bf6d8,Susana,2025-10-10,18:13:29,-07:00,2025-10-10T18:13:29-07:00,1,15
styles.css,19,css,f52bf6d8,Susana,2025-10-10,18:13:29,-07:00,2025-10-10T18:13:29-07:00,1,17
styles.css,20,css,f52bf6d8,Susana,2025-10-10,18:13:29,-07:00,2025-10-10T18:13:29-07:00,1,14
styles.css,21,css,f52bf6d8,Susana,2025-10-10,18:13:29,-07:00,2025-10-10T18:13:29-07:00,0,0
styles.css,22,css,c70bd369,Susana,2025-10-09,22:05:29,-07:00,2025-10-09T22:05:29-07:00,0,0
styles.css,23,css,f52bf6d8,Susana,2025-10-10,18:13:29,-07:00,2025-10-10T18:13:29-07:00,0,18
styles.css,24,css,f52bf6d8,Susana,2025-10-10,18:13:29,-07:00,2025-10-10T18:13:29-07:00,1,15
styles.css,25,css,f52bf6d8,Susana,2025-10-10,18:13:29,-07:00,2025-10-10T18:13:29-07:00,1,17
styles.css,26,css,f52bf6d8,Susana,2025-10-10,18:13:29,-07:00,2025-10-10T18:13:29-07:00,1,14
styles.css,27,css,f52bf6d8,Susana,2025-10-10,18:13:29,-07:00,2025-10-10T18:13:29-07:00,1,19
styles.css,28,css,0af3ccd4,Susana,2025-10-07,20:48:21,-07:00,2025-10-07T20:48:21-07:00,0,0
styles.css,29,css,0af3ccd4,Susana,2025-10-07,20:48:21,-07:00,2025-10-07T20:48:21-07:00,0,0
styles.css,30,css,53ae8bc0,Susana,2025-10-07,22:06:17,-07:00,2025-10-07T22:06:17-07:00,0,2
styles.css,31,css,acaa649e,Susana,2025-10-09,22:47:37,-07:00,2025-10-09T22:47:37-07:00,1,16
styles.css,32,css,53ae8bc0,Susana,2025-10-07,22:06:17,-07:00,2025-10-07T22:06:17-07:00,0,0
styles.css,33,css,53ae8bc0,Susana,2025-10-07,22:06:17,-07:00,2025-10-07T22:06:17-07:00,0,0
styles.css,34,css,acaa649e,Susana,2025-10-09,22:47:37,-07:00,2025-10-09T22:47:37-07:00,0,5
styles.css,35,css,acaa649e,Susana,2025-10-09,22:47:37,-07:00,2025-10-09T22:47:37-07:00,1,16
styles.css,36,css,acaa649e,Susana,2025-10-09,22:47:37,-07:00,2025-10-09T22:47:37-07:00,0,0
styles.css,37,css,acaa649e,Susana,2025-10-09,22:47:37,-07:00,2025-10-09T22:47:37-07:00,0,0
styles.css,38,css,9d07cfac,Susana,2025-10-09,22:26:26,-07:00,2025-10-09T22:26:26-07:00,0,3
styles.css,39,css,07267b81,Susana,2025-10-09,21:39:34,-07:00,2025-10-09T21:39:34-07:00,1,12
styles.css,40,css,9d07cfac,Susana,2025-10-09,22:26:26,-07:00,2025-10-09T22:26:26-07:00,1,18
styles.css,41,css,63b40f98,Susana,2025-10-16,22:19:32,-07:00,2025-10-16T22:19:32-07:00,1,23
styles.css,42,css,efd6be29,Susana,2025-10-16,22:51:50,-07:00,2025-10-16T22:51:50-07:00,1,44
styles.css,43,css,07267b81,Susana,2025-10-09,21:39:34,-07:00,2025-10-09T21:39:34-07:00,0,0
styles.css,44,css,07267b81,Susana,2025-10-09,21:39:34,-07:00,2025-10-09T21:39:34-07:00,0,0
styles.css,45,css,9d07cfac,Susana,2025-10-09,22:26:26,-07:00,2025-10-09T22:26:26-07:00,0,5
styles.css,46,css,63b71a46,Susana,2025-10-07,23:19:50,-07:00,2025-10-07T23:19:50-07:00,1,6
styles.css,47,css,5dec6dd1,Susana,2025-10-07,23:22:38,-07:00,2025-10-07T23:22:38-07:00,1,20
styles.css,48,css,5dec6dd1,Susana,2025-10-07,23:22:38,-07:00,2025-10-07T23:22:38-07:00,1,13
styles.css,49,css,5dec6dd1,Susana,2025-10-07,23:22:38,-07:00,2025-10-07T23:22:38-07:00,1,17
styles.css,50,css,ac182fa3,Susana,2025-10-09,23:15:59,-07:00,2025-10-09T23:15:59-07:00,1,15
styles.css,51,css,644ab140,Susana,2025-10-16,23:02:08,-07:00,2025-10-16T23:02:08-07:00,1,37
styles.css,52,css,ac182fa3,Susana,2025-10-09,23:15:59,-07:00,2025-10-09T23:15:59-07:00,1,15
styles.css,53,css,35c60ec8,Susana,2025-10-09,21:50:59,-07:00,2025-10-09T21:50:59-07:00,0,0
styles.css,54,css,35c60ec8,Susana,2025-10-09,21:50:59,-07:00,2025-10-09T21:50:59-07:00,0,0
styles.css,55,css,c70bd369,Susana,2025-10-09,22:05:29,-07:00,2025-10-09T22:05:29-07:00,0,13
styles.css,56,css,63b40f98,Susana,2025-10-16,22:19:32,-07:00,2025-10-16T22:19:32-07:00,1,25
styles.css,57,css,c70bd369,Susana,2025-10-09,22:05:29,-07:00,2025-10-09T22:05:29-07:00,1,20
styles.css,58,css,e1d0f547,Susana,2025-10-09,23:00:44,-07:00,2025-10-09T23:00:44-07:00,1,16
styles.css,59,css,efd6be29,Susana,2025-10-16,22:51:50,-07:00,2025-10-16T22:51:50-07:00,1,44
styles.css,60,css,c70bd369,Susana,2025-10-09,22:05:29,-07:00,2025-10-09T22:05:29-07:00,0,0
styles.css,61,css,c70bd369,Susana,2025-10-09,22:05:29,-07:00,2025-10-09T22:05:29-07:00,0,0
styles.css,62,css,9d07cfac,Susana,2025-10-09,22:26:26,-07:00,2025-10-09T22:26:26-07:00,0,11
styles.css,63,css,644ab140,Susana,2025-10-16,23:02:08,-07:00,2025-10-16T23:02:08-07:00,1,69
styles.css,64,css,644ab140,Susana,2025-10-16,23:02:08,-07:00,2025-10-16T23:02:08-07:00,1,45
styles.css,65,css,8042fb84,Susana,2025-10-09,22:02:06,-07:00,2025-10-09T22:02:06-07:00,1,25
styles.css,66,css,4c4e8d56,Susana,2025-10-16,22:54:50,-07:00,2025-10-16T22:54:50-07:00,1,77
styles.css,67,css,63b71a46,Susana,2025-10-07,23:19:50,-07:00,2025-10-07T23:19:50-07:00,0,0
styles.css,68,css,63b71a46,Susana,2025-10-07,23:19:50,-07:00,2025-10-07T23:19:50-07:00,0,0
styles.css,69,css,96da847e,Susana,2025-10-10,15:37:24,-07:00,2025-10-10T15:37:24-07:00,0,4
styles.css,70,css,96da847e,Susana,2025-10-10,15:37:24,-07:00,2025-10-10T15:37:24-07:00,1,12
styles.css,71,css,dbe0a355,Susana,2025-10-10,15:51:24,-07:00,2025-10-10T15:51:24-07:00,1,30
styles.css,72,css,dbe0a355,Susana,2025-10-10,15:51:24,-07:00,2025-10-10T15:51:24-07:00,1,7
styles.css,73,css,dbe0a355,Susana,2025-10-10,15:51:24,-07:00,2025-10-10T15:51:24-07:00,1,18
styles.css,74,css,dbe0a355,Susana,2025-10-10,15:51:24,-07:00,2025-10-10T15:51:24-07:00,1,15
styles.css,75,css,dbe0a355,Susana,2025-10-10,15:51:24,-07:00,2025-10-10T15:51:24-07:00,1,18
styles.css,76,css,83e577b1,Susana,2025-10-10,14:24:17,-07:00,2025-10-10T14:24:17-07:00,0,0
styles.css,77,css,83e577b1,Susana,2025-10-10,14:24:17,-07:00,2025-10-10T14:24:17-07:00,0,0
styles.css,78,css,96da847e,Susana,2025-10-10,15:37:24,-07:00,2025-10-10T15:37:24-07:00,0,10
styles.css,79,css,dbe0a355,Susana,2025-10-10,15:51:24,-07:00,2025-10-10T15:51:24-07:00,1,12
styles.css,80,css,dbe0a355,Susana,2025-10-10,15:51:24,-07:00,2025-10-10T15:51:24-07:00,1,29
styles.css,81,css,dbe0a355,Susana,2025-10-10,15:51:24,-07:00,2025-10-10T15:51:24-07:00,1,18
styles.css,82,css,9bf07185,Susana,2025-10-10,15:19:10,-07:00,2025-10-10T15:19:10-07:00,1,16
styles.css,83,css,dbe0a355,Susana,2025-10-10,15:51:24,-07:00,2025-10-10T15:51:24-07:00,1,9
styles.css,84,css,dbe0a355,Susana,2025-10-10,15:51:24,-07:00,2025-10-10T15:51:24-07:00,1,12
styles.css,85,css,83e577b1,Susana,2025-10-10,14:24:17,-07:00,2025-10-10T14:24:17-07:00,0,0
styles.css,86,css,83e577b1,Susana,2025-10-10,14:24:17,-07:00,2025-10-10T14:24:17-07:00,0,0
styles.css,87,css,96da847e,Susana,2025-10-10,15:37:24,-07:00,2025-10-10T15:37:24-07:00,0,9
styles.css,88,css,96da847e,Susana,2025-10-10,15:37:24,-07:00,2025-10-10T15:37:24-07:00,0,13
styles.css,89,css,96da847e,Susana,2025-10-10,15:37:24,-07:00,2025-10-10T15:37:24-07:00,1,12
styles.css,90,css,dbe0a355,Susana,2025-10-10,15:51:24,-07:00,2025-10-10T15:51:24-07:00,1,21
styles.css,91,css,dbe0a355,Susana,2025-10-10,15:51:24,-07:00,2025-10-10T15:51:24-07:00,1,10
styles.css,92,css,83e577b1,Susana,2025-10-10,14:24:17,-07:00,2025-10-10T14:24:17-07:00,0,0
styles.css,93,css,83e577b1,Susana,2025-10-10,14:24:17,-07:00,2025-10-10T14:24:17-07:00,0,0
styles.css,94,css,83e577b1,Susana,2025-10-10,14:24:17,-07:00,2025-10-10T14:24:17-07:00,0,11
styles.css,95,css,dbe0a355,Susana,2025-10-10,15:51:24,-07:00,2025-10-10T15:51:24-07:00,1,18
styles.css,96,css,3e516594,Susana,2025-10-10,17:11:01,-07:00,2025-10-10T17:11:01-07:00,1,12
styles.css,97,css,62dcda96,Susana,2025-10-10,16:05:00,-07:00,2025-10-10T16:05:00-07:00,1,10
styles.css,98,css,9bf07185,Susana,2025-10-10,15:19:10,-07:00,2025-10-10T15:19:10-07:00,1,14
styles.css,99,css,96da847e,Susana,2025-10-10,15:37:24,-07:00,2025-10-10T15:37:24-07:00,1,12
styles.css,100,css,1727cffb,Susana,2025-10-10,14:29:21,-07:00,2025-10-10T14:29:21-07:00,1,14
styles.css,101,css,92f13c58,Susana,2025-10-10,17:26:27,-07:00,2025-10-10T17:26:27-07:00,1,17
styles.css,102,css,83e577b1,Susana,2025-10-10,14:24:17,-07:00,2025-10-10T14:24:17-07:00,0,0
styles.css,103,css,83e577b1,Susana,2025-10-10,14:24:17,-07:00,2025-10-10T14:24:17-07:00,0,0
styles.css,104,css,dbe0a355,Susana,2025-10-10,15:51:24,-07:00,2025-10-10T15:51:24-07:00,0,25
styles.css,105,css,dbe0a355,Susana,2025-10-10,15:51:24,-07:00,2025-10-10T15:51:24-07:00,1,4
styles.css,106,css,dbe0a355,Susana,2025-10-10,15:51:24,-07:00,2025-10-10T15:51:24-07:00,2,25
styles.css,107,css,dbe0a355,Susana,2025-10-10,15:51:24,-07:00,2025-10-10T15:51:24-07:00,1,0
styles.css,108,css,83e577b1,Susana,2025-10-10,14:24:17,-07:00,2025-10-10T14:24:17-07:00,0,0
styles.css,109,css,dbe0a355,Susana,2025-10-10,15:51:24,-07:00,2025-10-10T15:51:24-07:00,1,10
styles.css,110,css,dbe0a355,Susana,2025-10-10,15:51:24,-07:00,2025-10-10T15:51:24-07:00,2,15
styles.css,111,css,dbe0a355,Susana,2025-10-10,15:51:24,-07:00,2025-10-10T15:51:24-07:00,1,0
styles.css,112,css,dbe0a355,Susana,2025-10-10,15:51:24,-07:00,2025-10-10T15:51:24-07:00,0,0
styles.css,113,css,83e577b1,Susana,2025-10-10,14:24:17,-07:00,2025-10-10T14:24:17-07:00,0,0
styles.css,114,css,d094912c,Susana,2025-10-23,18:11:06,-07:00,2025-10-23T18:11:06-07:00,0,8
styles.css,115,css,d094912c,Susana,2025-10-23,18:11:06,-07:00,2025-10-23T18:11:06-07:00,1,10
styles.css,116,css,d094912c,Susana,2025-10-23,18:11:06,-07:00,2025-10-23T18:11:06-07:00,0,0
styles.css,117,css,d094912c,Susana,2025-10-23,18:11:06,-07:00,2025-10-23T18:11:06-07:00,0,0
styles.css,118,css,baf2d266,Susana,2025-10-10,18:07:21,-07:00,2025-10-10T18:07:21-07:00,0,9
styles.css,119,css,baf2d266,Susana,2025-10-10,18:07:21,-07:00,2025-10-10T18:07:21-07:00,1,12
styles.css,120,css,0e866536,Susana,2025-10-10,17:37:13,-07:00,2025-10-10T17:37:13-07:00,1,58
styles.css,121,css,60a35c77,Susana,2025-10-30,21:42:08,-07:00,2025-10-30T21:42:08-07:00,1,7
styles.css,122,css,baf2d266,Susana,2025-10-10,18:07:21,-07:00,2025-10-10T18:07:21-07:00,1,12
styles.css,123,css,60a35c77,Susana,2025-10-30,21:42:08,-07:00,2025-10-30T21:42:08-07:00,1,19
styles.css,124,css,baf2d266,Susana,2025-10-10,18:07:21,-07:00,2025-10-10T18:07:21-07:00,0,0
styles.css,125,css,baf2d266,Susana,2025-10-10,18:07:21,-07:00,2025-10-10T18:07:21-07:00,0,0
styles.css,126,css,baf2d266,Susana,2025-10-10,18:07:21,-07:00,2025-10-10T18:07:21-07:00,0,17
styles.css,127,css,baf2d266,Susana,2025-10-10,18:07:21,-07:00,2025-10-10T18:07:21-07:00,1,12
styles.css,128,css,baf2d266,Susana,2025-10-10,18:07:21,-07:00,2025-10-10T18:07:21-07:00,1,26
styles.css,129,css,79a24b73,Susana,2025-10-10,18:33:54,-07:00,2025-10-10T18:33:54-07:00,1,15
styles.css,130,css,79a24b73,Susana,2025-10-10,18:33:54,-07:00,2025-10-10T18:33:54-07:00,1,9
styles.css,131,css,0e866536,Susana,2025-10-10,17:37:13,-07:00,2025-10-10T17:37:13-07:00,0,0
styles.css,132,css,0e866536,Susana,2025-10-10,17:37:13,-07:00,2025-10-10T17:37:13-07:00,0,0
styles.css,133,css,baf2d266,Susana,2025-10-10,18:07:21,-07:00,2025-10-10T18:07:21-07:00,0,20
styles.css,134,css,23740028,Susana,2025-10-23,18:06:36,-07:00,2025-10-23T18:06:36-07:00,1,8
styles.css,135,css,baf2d266,Susana,2025-10-10,18:07:21,-07:00,2025-10-10T18:07:21-07:00,0,0
styles.css,136,css,baf2d266,Susana,2025-10-10,18:07:21,-07:00,2025-10-10T18:07:21-07:00,0,0
styles.css,137,css,baf2d266,Susana,2025-10-10,18:07:21,-07:00,2025-10-10T18:07:21-07:00,0,21
styles.css,138,css,baf2d266,Susana,2025-10-10,18:07:21,-07:00,2025-10-10T18:07:21-07:00,1,10
styles.css,139,css,baf2d266,Susana,2025-10-10,18:07:21,-07:00,2025-10-10T18:07:21-07:00,1,11
styles.css,140,css,baf2d266,Susana,2025-10-10,18:07:21,-07:00,2025-10-10T18:07:21-07:00,1,13
styles.css,141,css,c56aaa24,Susana,2025-10-10,17:58:50,-07:00,2025-10-10T17:58:50-07:00,0,0
styles.css,142,css,c56aaa24,Susana,2025-10-10,17:58:50,-07:00,2025-10-10T17:58:50-07:00,0,0
styles.css,143,css,60a35c77,Susana,2025-10-30,21:42:08,-07:00,2025-10-30T21:42:08-07:00,0,0
styles.css,144,css,60a35c77,Susana,2025-10-30,21:42:08,-07:00,2025-10-30T21:42:08-07:00,0,13
styles.css,145,css,60a35c77,Susana,2025-10-30,21:42:08,-07:00,2025-10-30T21:42:08-07:00,1,12
styles.css,146,css,60a35c77,Susana,2025-10-30,21:42:08,-07:00,2025-10-30T21:42:08-07:00,1,21
styles.css,147,css,60a35c77,Susana,2025-10-30,21:42:08,-07:00,2025-10-30T21:42:08-07:00,1,11
styles.css,148,css,60a35c77,Susana,2025-10-30,21:42:08,-07:00,2025-10-30T21:42:08-07:00,0,0
styles.css,149,css,60a35c77,Susana,2025-10-30,21:42:08,-07:00,2025-10-30T21:42:08-07:00,0,0
styles.css,150,css,60a35c77,Susana,2025-10-30,21:42:08,-07:00,2025-10-30T21:42:08-07:00,0,13
styles.css,151,css,60a35c77,Susana,2025-10-30,21:42:08,-07:00,2025-10-30T21:42:08-07:00,1,12
styles.css,152,css,60a35c77,Susana,2025-10-30,21:42:08,-07:00,2025-10-30T21:42:08-07:00,1,21
styles.css,153,css,60a35c77,Susana,2025-10-30,21:42:08,-07:00,2025-10-30T21:42:08-07:00,1,11
styles.css,154,css,23740028,Susana,2025-10-23,18:06:36,-07:00,2025-10-23T18:06:36-07:00,0,0
styles.css,155,css,23740028,Susana,2025-10-23,18:06:36,-07:00,2025-10-23T18:06:36-07:00,0,0
styles.css,156,css,60a35c77,Susana,2025-10-30,21:42:08,-07:00,2025-10-30T21:42:08-07:00,0,13
styles.css,157,css,60a35c77,Susana,2025-10-30,21:42:08,-07:00,2025-10-30T21:42:08-07:00,1,15
styles.css,158,css,60a35c77,Susana,2025-10-30,21:42:08,-07:00,2025-10-30T21:42:08-07:00,1,17
styles.css,159,css,60a35c77,Susana,2025-10-30,21:42:08,-07:00,2025-10-30T21:42:08-07:00,1,10
styles.css,160,css,60a35c77,Susana,2025-10-30,21:42:08,-07:00,2025-10-30T21:42:08-07:00,1,15
styles.css,161,css,60a35c77,Susana,2025-10-30,21:42:08,-07:00,2025-10-30T21:42:08-07:00,1,21
styles.css,162,css,60a35c77,Susana,2025-10-30,21:42:08,-07:00,2025-10-30T21:42:08-07:00,0,0
styles.css,163,css,60a35c77,Susana,2025-10-30,21:42:08,-07:00,2025-10-30T21:42:08-07:00,0,0
styles.css,164,css,60a35c77,Susana,2025-10-30,21:42:08,-07:00,2025-10-30T21:42:08-07:00,0,13
styles.css,165,css,60a35c77,Susana,2025-10-30,21:42:08,-07:00,2025-10-30T21:42:08-07:00,1,12
styles.css,166,css,60a35c77,Susana,2025-10-30,21:42:08,-07:00,2025-10-30T21:42:08-07:00,1,21
styles.css,167,css,60a35c77,Susana,2025-10-30,21:42:08,-07:00,2025-10-30T21:42:08-07:00,0,0
styles.css,168,css,60a35c77,Susana,2025-10-30,21:42:08,-07:00,2025-10-30T21:42:08-07:00,0,0
styles.css,169,css,60a35c77,Susana,2025-10-30,21:42:08,-07:00,2025-10-30T21:42:08-07:00,0,29
styles.css,170,css,60a35c77,Susana,2025-10-30,21:42:08,-07:00,2025-10-30T21:42:08-07:00,1,11
styles.css,171,css,60a35c77,Susana,2025-10-30,21:42:08,-07:00,2025-10-30T21:42:08-07:00,1,12
styles.css,172,css,60a35c77,Susana,2025-10-30,21:42:08,-07:00,2025-10-30T21:42:08-07:00,1,21
styles.css,173,css,60a35c77,Susana,2025-10-30,21:42:08,-07:00,2025-10-30T21:42:08-07:00,1,24
styles.css,174,css,60a35c77,Susana,2025-10-30,21:42:08,-07:00,2025-10-30T21:42:08-07:00,0,0
styles.css,175,css,60a35c77,Susana,2025-10-30,21:42:08,-07:00,2025-10-30T21:42:08-07:00,0,0
styles.css,176,css,60a35c77,Susana,2025-10-30,21:42:08,-07:00,2025-10-30T21:42:08-07:00,0,0
styles.css,177,css,a622174b,Susana,2025-10-10,19:59:47,-07:00,2025-10-10T19:59:47-07:00,0,31
styles.css,178,css,a622174b,Susana,2025-10-10,19:59:47,-07:00,2025-10-10T19:59:47-07:00,1,17
styles.css,179,css,a622174b,Susana,2025-10-10,19:59:47,-07:00,2025-10-10T19:59:47-07:00,0,0
styles.css,180,css,a622174b,Susana,2025-10-10,19:59:47,-07:00,2025-10-10T19:59:47-07:00,0,0
styles.css,181,css,0aa01aab,Susana,2025-10-10,20:18:39,-07:00,2025-10-10T20:18:39-07:00,0,17
styles.css,182,css,0aa01aab,Susana,2025-10-10,20:18:39,-07:00,2025-10-10T20:18:39-07:00,1,14
styles.css,183,css,0aa01aab,Susana,2025-10-10,20:18:39,-07:00,2025-10-10T20:18:39-07:00,0,0
styles.css,184,css,0aa01aab,Susana,2025-10-10,20:18:39,-07:00,2025-10-10T20:18:39-07:00,0,0
styles.css,185,css,bbce4e8b,Susana,2025-10-10,19:25:46,-07:00,2025-10-10T19:25:46-07:00,0,17
styles.css,186,css,79a24b73,Susana,2025-10-10,18:33:54,-07:00,2025-10-10T18:33:54-07:00,1,25
styles.css,187,css,79a24b73,Susana,2025-10-10,18:33:54,-07:00,2025-10-10T18:33:54-07:00,1,9
styles.css,188,css,79a24b73,Susana,2025-10-10,18:33:54,-07:00,2025-10-10T18:33:54-07:00,0,0
styles.css,189,css,79a24b73,Susana,2025-10-10,18:33:54,-07:00,2025-10-10T18:33:54-07:00,0,0
styles.css,190,css,5f011528,Susana,2025-10-10,20:22:12,-07:00,2025-10-10T20:22:12-07:00,0,28
styles.css,191,css,a622174b,Susana,2025-10-10,19:59:47,-07:00,2025-10-10T19:59:47-07:00,1,16
styles.css,192,css,a622174b,Susana,2025-10-10,19:59:47,-07:00,2025-10-10T19:59:47-07:00,0,0
styles.css,193,css,a622174b,Susana,2025-10-10,19:59:47,-07:00,2025-10-10T19:59:47-07:00,0,0
styles.css,194,css,79a24b73,Susana,2025-10-10,18:33:54,-07:00,2025-10-10T18:33:54-07:00,0,16
styles.css,195,css,79a24b73,Susana,2025-10-10,18:33:54,-07:00,2025-10-10T18:33:54-07:00,1,13
styles.css,196,css,79a24b73,Susana,2025-10-10,18:33:54,-07:00,2025-10-10T18:33:54-07:00,1,20
styles.css,197,css,79a24b73,Susana,2025-10-10,18:33:54,-07:00,2025-10-10T18:33:54-07:00,1,18
styles.css,198,css,6eab4630,Susana,2025-10-10,19:42:38,-07:00,2025-10-10T19:42:38-07:00,1,18
styles.css,199,css,79a24b73,Susana,2025-10-10,18:33:54,-07:00,2025-10-10T18:33:54-07:00,0,0
styles.css,200,css,79a24b73,Susana,2025-10-10,18:33:54,-07:00,2025-10-10T18:33:54-07:00,0,0
styles.css,201,css,0ad625db,Susana,2025-10-10,18:53:49,-07:00,2025-10-10T18:53:49-07:00,0,19
styles.css,202,css,0ad625db,Susana,2025-10-10,18:53:49,-07:00,2025-10-10T18:53:49-07:00,1,17
styles.css,203,css,0ad625db,Susana,2025-10-10,18:53:49,-07:00,2025-10-10T18:53:49-07:00,1,19
styles.css,204,css,6eab4630,Susana,2025-10-10,19:42:38,-07:00,2025-10-10T19:42:38-07:00,1,18
styles.css,205,css,0ad625db,Susana,2025-10-10,18:53:49,-07:00,2025-10-10T18:53:49-07:00,0,0
styles.css,206,css,79a24b73,Susana,2025-10-10,18:33:54,-07:00,2025-10-10T18:33:54-07:00,0,0
styles.css,207,css,201a1d56,Susana,2025-10-17,14:33:09,-07:00,2025-10-17T14:33:09-07:00,0,17
styles.css,208,css,1f394c38,Susana,2025-10-17,13:39:50,-07:00,2025-10-17T13:39:50-07:00,1,17
styles.css,209,css,1f394c38,Susana,2025-10-17,13:39:50,-07:00,2025-10-17T13:39:50-07:00,1,8
styles.css,210,css,1f394c38,Susana,2025-10-17,13:39:50,-07:00,2025-10-17T13:39:50-07:00,1,10
styles.css,211,css,dec326ee,Susana,2025-10-17,14:01:14,-07:00,2025-10-17T14:01:14-07:00,1,11
styles.css,212,css,1f394c38,Susana,2025-10-17,13:39:50,-07:00,2025-10-17T13:39:50-07:00,1,19
styles.css,213,css,1f394c38,Susana,2025-10-17,13:39:50,-07:00,2025-10-17T13:39:50-07:00,1,13
styles.css,214,css,dec326ee,Susana,2025-10-17,14:01:14,-07:00,2025-10-17T14:01:14-07:00,0,0
styles.css,215,css,1f394c38,Susana,2025-10-17,13:39:50,-07:00,2025-10-17T13:39:50-07:00,0,0
styles.css,216,css,1f394c38,Susana,2025-10-17,13:39:50,-07:00,2025-10-17T13:39:50-07:00,0,0
styles.css,217,css,201a1d56,Susana,2025-10-17,14:33:09,-07:00,2025-10-17T14:33:09-07:00,0,10
styles.css,218,css,201a1d56,Susana,2025-10-17,14:33:09,-07:00,2025-10-17T14:33:09-07:00,1,15
styles.css,219,css,201a1d56,Susana,2025-10-17,14:33:09,-07:00,2025-10-17T14:33:09-07:00,0,0
styles.css,220,css,201a1d56,Susana,2025-10-17,14:33:09,-07:00,2025-10-17T14:33:09-07:00,0,0
styles.css,221,css,a02cbf02,Susana,2025-10-23,17:40:43,-07:00,2025-10-23T17:40:43-07:00,0,17
styles.css,222,css,a02cbf02,Susana,2025-10-23,17:40:43,-07:00,2025-10-23T17:40:43-07:00,1,12
styles.css,223,css,a02cbf02,Susana,2025-10-23,17:40:43,-07:00,2025-10-23T17:40:43-07:00,1,36
styles.css,224,css,a02cbf02,Susana,2025-10-23,17:40:43,-07:00,2025-10-23T17:40:43-07:00,1,10
styles.css,225,css,a02cbf02,Susana,2025-10-23,17:40:43,-07:00,2025-10-23T17:40:43-07:00,1,17
styles.css,226,css,a02cbf02,Susana,2025-10-23,17:40:43,-07:00,2025-10-23T17:40:43-07:00,1,15
styles.css,227,css,30469045,Susana,2025-10-23,17:42:24,-07:00,2025-10-23T17:42:24-07:00,1,10
styles.css,228,css,a02cbf02,Susana,2025-10-23,17:40:43,-07:00,2025-10-23T17:40:43-07:00,0,0
styles.css,229,css,a02cbf02,Susana,2025-10-23,17:40:43,-07:00,2025-10-23T17:40:43-07:00,0,0
styles.css,230,css,a02cbf02,Susana,2025-10-23,17:40:43,-07:00,2025-10-23T17:40:43-07:00,0,17
styles.css,231,css,3575c355,Susana,2025-10-23,17:54:22,-07:00,2025-10-23T17:54:22-07:00,1,18
styles.css,232,css,3575c355,Susana,2025-10-23,17:54:22,-07:00,2025-10-23T17:54:22-07:00,1,14
styles.css,233,css,3575c355,Susana,2025-10-23,17:54:22,-07:00,2025-10-23T17:54:22-07:00,1,13
styles.css,234,css,a02cbf02,Susana,2025-10-23,17:40:43,-07:00,2025-10-23T17:40:43-07:00,1,10
styles.css,235,css,45128b54,Susana,2025-10-23,17:57:58,-07:00,2025-10-23T17:57:58-07:00,1,15
styles.css,236,css,a02cbf02,Susana,2025-10-23,17:40:43,-07:00,2025-10-23T17:40:43-07:00,0,0
styles.css,237,css,a02cbf02,Susana,2025-10-23,17:40:43,-07:00,2025-10-23T17:40:43-07:00,0,0
styles.css,238,css,a02cbf02,Susana,2025-10-23,17:40:43,-07:00,2025-10-23T17:40:43-07:00,0,17
styles.css,239,css,a02cbf02,Susana,2025-10-23,17:40:43,-07:00,2025-10-23T17:40:43-07:00,1,8
styles.css,240,css,a02cbf02,Susana,2025-10-23,17:40:43,-07:00,2025-10-23T17:40:43-07:00,1,10
styles.css,241,css,45128b54,Susana,2025-10-23,17:57:58,-07:00,2025-10-23T17:57:58-07:00,1,14
styles.css,242,css,45128b54,Susana,2025-10-23,17:57:58,-07:00,2025-10-23T17:57:58-07:00,1,15
styles.css,243,css,a02cbf02,Susana,2025-10-23,17:40:43,-07:00,2025-10-23T17:40:43-07:00,0,0
styles.css,244,css,a02cbf02,Susana,2025-10-23,17:40:43,-07:00,2025-10-23T17:40:43-07:00,0,0
styles.css,245,css,60a35c77,Susana,2025-10-30,21:42:08,-07:00,2025-10-30T21:42:08-07:00,0,18
styles.css,246,css,60a35c77,Susana,2025-10-30,21:42:08,-07:00,2025-10-30T21:42:08-07:00,1,14
styles.css,247,css,60a35c77,Susana,2025-10-30,21:42:08,-07:00,2025-10-30T21:42:08-07:00,1,16
styles.css,248,css,60a35c77,Susana,2025-10-30,21:42:08,-07:00,2025-10-30T21:42:08-07:00,0,0
styles.css,249,css,60a35c77,Susana,2025-10-30,21:42:08,-07:00,2025-10-30T21:42:08-07:00,1,16
styles.css,250,css,60a35c77,Susana,2025-10-30,21:42:08,-07:00,2025-10-30T21:42:08-07:00,0,0
styles.css,251,css,60a35c77,Susana,2025-10-30,21:42:08,-07:00,2025-10-30T21:42:08-07:00,0,0
styles.css,252,css,60a35c77,Susana,2025-10-30,21:42:08,-07:00,2025-10-30T21:42:08-07:00,0,0
styles.css,253,css,60a35c77,Susana,2025-10-30,21:42:08,-07:00,2025-10-30T21:42:08-07:00,0,0
styles.css,254,css,60a35c77,Susana,2025-10-30,21:42:08,-07:00,2025-10-30T21:42:08-07:00,0,10
styles.css,255,css,60a35c77,Susana,2025-10-30,21:42:08,-07:00,2025-10-30T21:42:08-07:00,1,12
styles.css,256,css,60a35c77,Susana,2025-10-30,21:42:08,-07:00,2025-10-30T21:42:08-07:00,1,7
styles.css,257,css,60a35c77,Susana,2025-10-30,21:42:08,-07:00,2025-10-30T21:42:08-07:00,1,21
styles.css,258,css,60a35c77,Susana,2025-10-30,21:42:08,-07:00,2025-10-30T21:42:08-07:00,0,0
styles.css,259,css,60a35c77,Susana,2025-10-30,21:42:08,-07:00,2025-10-30T21:42:08-07:00,0,0
styles.css,260,css,60a35c77,Susana,2025-10-30,21:42:08,-07:00,2025-10-30T21:42:08-07:00,0,14
styles.css,261,css,60a35c77,Susana,2025-10-30,21:42:08,-07:00,2025-10-30T21:42:08-07:00,1,11
styles.css,262,css,60a35c77,Susana,2025-10-30,21:42:08,-07:00,2025-10-30T21:42:08-07:00,1,11
styles.css,263,css,60a35c77,Susana,2025-10-30,21:42:08,-07:00,2025-10-30T21:42:08-07:00,1,13
styles.css,264,css,60a35c77,Susana,2025-10-30,21:42:08,-07:00,2025-10-30T21:42:08-07:00,0,0
styles.css,265,css,60a35c77,Susana,2025-10-30,21:42:08,-07:00,2025-10-30T21:42:08-07:00,0,0
styles.css,266,css,60a35c77,Susana,2025-10-30,21:42:08,-07:00,2025-10-30T21:42:08-07:00,0,10
styles.css,267,css,60a35c77,Susana,2025-10-30,21:42:08,-07:00,2025-10-30T21:42:08-07:00,1,12
styles.css,268,css,60a35c77,Susana,2025-10-30,21:42:08,-07:00,2025-10-30T21:42:08-07:00,1,57
styles.css,269,css,60a35c77,Susana,2025-10-30,21:42:08,-07:00,2025-10-30T21:42:08-07:00,1,9
styles.css,270,css,60a35c77,Susana,2025-10-30,21:42:08,-07:00,2025-10-30T21:42:08-07:00,1,13
styles.css,271,css,60a35c77,Susana,2025-10-30,21:42:08,-07:00,2025-10-30T21:42:08-07:00,1,15
styles.css,272,css,60a35c77,Susana,2025-10-30,21:42:08,-07:00,2025-10-30T21:42:08-07:00,1,17
styles.css,273,css,60a35c77,Susana,2025-10-30,21:42:08,-07:00,2025-10-30T21:42:08-07:00,1,53
styles.css,274,css,60a35c77,Susana,2025-10-30,21:42:08,-07:00,2025-10-30T21:42:08-07:00,1,13
styles.css,275,css,60a35c77,Susana,2025-10-30,21:42:08,-07:00,2025-10-30T21:42:08-07:00,0,0
styles.css,276,css,60a35c77,Susana,2025-10-30,21:42:08,-07:00,2025-10-30T21:42:08-07:00,0,0
styles.css,277,css,60a35c77,Susana,2025-10-30,21:42:08,-07:00,2025-10-30T21:42:08-07:00,0,13
styles.css,278,css,60a35c77,Susana,2025-10-30,21:42:08,-07:00,2025-10-30T21:42:08-07:00,1,12
styles.css,279,css,60a35c77,Susana,2025-10-30,21:42:08,-07:00,2025-10-30T21:42:08-07:00,1,18
styles.css,280,css,60a35c77,Susana,2025-10-30,21:42:08,-07:00,2025-10-30T21:42:08-07:00,1,9
styles.css,281,css,60a35c77,Susana,2025-10-30,21:42:08,-07:00,2025-10-30T21:42:08-07:00,0,0
styles.css,282,css,60a35c77,Susana,2025-10-30,21:42:08,-07:00,2025-10-30T21:42:08-07:00,0,0
styles.css,283,css,60a35c77,Susana,2025-10-30,21:42:08,-07:00,2025-10-30T21:42:08-07:00,0,21
styles.css,284,css,60a35c77,Susana,2025-10-30,21:42:08,-07:00,2025-10-30T21:42:08-07:00,1,9
styles.css,285,css,60a35c77,Susana,2025-10-30,21:42:08,-07:00,2025-10-30T21:42:08-07:00,1,10
styles.css,286,css,60a35c77,Susana,2025-10-30,21:42:08,-07:00,2025-10-30T21:42:08-07:00,1,17
styles.css,287,css,60a35c77,Susana,2025-10-30,21:42:08,-07:00,2025-10-30T21:42:08-07:00,1,29
styles.css,288,css,60a35c77,Susana,2025-10-30,21:42:08,-07:00,2025-10-30T21:42:08-07:00,0,0
styles.css,289,css,60a35c77,Susana,2025-10-30,21:42:08,-07:00,2025-10-30T21:42:08-07:00,0,0
styles.css,290,css,60a35c77,Susana,2025-10-30,21:42:08,-07:00,2025-10-30T21:42:08-07:00,0,17
styles.css,291,css,60a35c77,Susana,2025-10-30,21:42:08,-07:00,2025-10-30T21:42:08-07:00,1,16
styles.css,292,css,60a35c77,Susana,2025-10-30,21:42:08,-07:00,2025-10-30T21:42:08-07:00,2,11
styles.css,293,css,60a35c77,Susana,2025-10-30,21:42:08,-07:00,2025-10-30T21:42:08-07:00,1,0
styles.css,294,css,60a35c77,Susana,2025-10-30,21:42:08,-07:00,2025-10-30T21:42:08-07:00,0,0
styles.css,295,css,60a35c77,Susana,2025-10-30,21:42:08,-07:00,2025-10-30T21:42:08-07:00,0,0
styles.css,296,css,60a35c77,Susana,2025-10-30,21:42:08,-07:00,2025-10-30T21:42:08-07:00,0,4
styles.css,297,css,60a35c77,Susana,2025-10-30,21:42:08,-07:00,2025-10-30T21:42:08-07:00,1,16
styles.css,298,css,60a35c77,Susana,2025-10-30,21:42:08,-07:00,2025-10-30T21:42:08-07:00,1,14
styles.css,299,css,60a35c77,Susana,2025-10-30,21:42:08,-07:00,2025-10-30T21:42:08-07:00,0,0
styles.css,300,css,60a35c77,Susana,2025-10-30,21:42:08,-07:00,2025-10-30T21:42:08-07:00,0,0
styles.css,301,css,60a35c77,Susana,2025-10-30,21:42:08,-07:00,2025-10-30T21:42:08-07:00,0,9
styles.css,302,css,60a35c77,Susana,2025-10-30,21:42:08,-07:00,2025-10-30T21:42:08-07:00,1,35
styles.css,303,css,60a35c77,Susana,2025-10-30,21:42:08,-07:00,2025-10-30T21:42:08-07:00,0,0
styles.css,304,css,60a35c77,Susana,2025-10-30,21:42:08,-07:00,2025-10-30T21:42:08-07:00,1,10
styles.css,305,css,60a35c77,Susana,2025-10-30,21:42:08,-07:00,2025-10-30T21:42:08-07:00,2,17
styles.css,306,css,60a35c77,Susana,2025-10-30,21:42:08,-07:00,2025-10-30T21:42:08-07:00,1,0
styles.css,307,css,60a35c77,Susana,2025-10-30,21:42:08,-07:00,2025-10-30T21:42:08-07:00,0,0
styles.css,308,css,a02cbf02,Susana,2025-10-23,17:40:43,-07:00,2025-10-23T17:40:43-07:00,0,0
styles.css,309,css,55dab1fd,Susana,2025-09-29,21:13:47,-07:00,2025-09-29T21:13:47-07:00,0,4
styles.css,310,css,55dab1fd,Susana,2025-09-29,21:13:47,-07:00,2025-09-29T21:13:47-07:00,1,43
styles.css,311,css,55dab1fd,Susana,2025-09-29,21:13:47,-07:00,2025-09-29T21:13:47-07:00,0,42
styles.css,312,css,55dab1fd,Susana,2025-09-29,21:13:47,-07:00,2025-09-29T21:13:47-07:00,0,0
styles.css,313,css,55dab1fd,Susana,2025-09-29,21:13:47,-07:00,2025-09-29T21:13:47-07:00,1,23
styles.css,314,css,2ed4de46,Susana,2025-10-07,21:14:02,-07:00,2025-10-07T21:14:02-07:00,1,15
styles.css,315,css,9babaccc,Susana,2025-10-07,21:31:47,-07:00,2025-10-07T21:31:47-07:00,1,18
styles.css,316,css,d173daab,Susana,2025-10-07,21:47:41,-07:00,2025-10-07T21:47:41-07:00,1,12
styles.css,317,css,0af3ccd4,Susana,2025-10-07,20:48:21,-07:00,2025-10-07T20:48:21-07:00,1,0
styles.css,318,css,62dcda96,Susana,2025-10-10,16:05:00,-07:00,2025-10-10T16:05:00-07:00,0,0
index.js,1,js,1ef17396,Susana,2025-10-23,17:30:52,-07:00,2025-10-23T17:30:52-07:00,0,82
index.js,2,js,1ef17396,Susana,2025-10-23,17:30:52,-07:00,2025-10-23T17:30:52-07:00,0,0
index.js,3,js,1ef17396,Susana,2025-10-23,17:30:52,-07:00,2025-10-23T17:30:52-07:00,0,64
index.js,4,js,761256c6,Susana,2025-10-22,23:01:17,-07:00,2025-10-22T23:01:17-07:00,0,0
index.js,5,js,4ed87ff1,Susana,2025-10-23,17:18:26,-07:00,2025-10-23T17:18:26-07:00,0,0
index.js,6,js,761256c6,Susana,2025-10-22,23:01:17,-07:00,2025-10-22T23:01:17-07:00,0,42
index.js,7,js,761256c6,Susana,2025-10-22,23:01:17,-07:00,2025-10-22T23:01:17-07:00,0,0
index.js,8,js,761256c6,Susana,2025-10-22,23:01:17,-07:00,2025-10-22T23:01:17-07:00,0,60
index.js,9,js,761256c6,Susana,2025-10-22,23:01:17,-07:00,2025-10-22T23:01:17-07:00,0,0
index.js,10,js,05dc114c,Susana,2025-10-23,16:48:01,-07:00,2025-10-23T16:48:01-07:00,0,54
index.js,11,js,05dc114c,Susana,2025-10-23,16:48:01,-07:00,2025-10-23T16:48:01-07:00,0,0
index.js,12,js,0a525dc9,Susana,2025-10-23,17:03:11,-07:00,2025-10-23T17:03:11-07:00,0,51
index.js,13,js,676175b4,Susana,2025-10-23,17:07:04,-07:00,2025-10-23T17:07:04-07:00,0,60
index.js,14,js,05dc114c,Susana,2025-10-23,16:48:01,-07:00,2025-10-23T16:48:01-07:00,0,0
index.js,15,js,05dc114c,Susana,2025-10-23,16:48:01,-07:00,2025-10-23T16:48:01-07:00,0,17
index.js,16,js,05dc114c,Susana,2025-10-23,16:48:01,-07:00,2025-10-23T16:48:01-07:00,1,24
index.js,17,js,05dc114c,Susana,2025-10-23,16:48:01,-07:00,2025-10-23T16:48:01-07:00,4,2
index.js,18,js,05dc114c,Susana,2025-10-23,16:48:01,-07:00,2025-10-23T16:48:01-07:00,5,55
index.js,19,js,05dc114c,Susana,2025-10-23,16:48:01,-07:00,2025-10-23T16:48:01-07:00,5,55
index.js,20,js,05dc114c,Susana,2025-10-23,16:48:01,-07:00,2025-10-23T16:48:01-07:00,5,49
index.js,21,js,05dc114c,Susana,2025-10-23,16:48:01,-07:00,2025-10-23T16:48:01-07:00,5,49
index.js,22,js,05dc114c,Susana,2025-10-23,16:48:01,-07:00,2025-10-23T16:48:01-07:00,4,3
index.js,23,js,05dc114c,Susana,2025-10-23,16:48:01,-07:00,2025-10-23T16:48:01-07:00,2,0
index.js,24,js,5af39bc9,Susana,2025-11-05,19:37:27,-08:00,2025-11-05T19:37:27-08:00,0,0
index.html,1,html,674f494e,Susana,2025-09-29,12:36:54,-07:00,2025-09-29T12:36:54-07:00,0,13
index.html,2,html,674f494e,Susana,2025-09-29,12:36:54,-07:00,2025-09-29T12:36:54-07:00,0,14
index.html,3,html,674f494e,Susana,2025-09-29,12:36:54,-07:00,2025-09-29T12:36:54-07:00,0,4
index.html,4,html,674f494e,Susana,2025-09-29,12:36:54,-07:00,2025-09-29T12:36:54-07:00,2,20
index.html,5,html,674f494e,Susana,2025-09-29,12:36:54,-07:00,2025-09-29T12:36:54-07:00,2,68
index.html,6,html,674f494e,Susana,2025-09-29,12:36:54,-07:00,2025-09-29T12:36:54-07:00,2,48
index.html,7,html,c39d44f2,Susana,2025-10-07,21:37:03,-07:00,2025-10-07T21:37:03-07:00,2,41
index.html,8,html,991ce388,Susana,2025-10-22,22:20:35,-07:00,2025-10-22T22:20:35-07:00,2,45
index.html,9,html,761256c6,Susana,2025-10-22,23:01:17,-07:00,2025-10-22T23:01:17-07:00,2,50
index.html,10,html,674f494e,Susana,2025-09-29,12:36:54,-07:00,2025-09-29T12:36:54-07:00,0,5
index.html,11,html,674f494e,Susana,2025-09-29,12:36:54,-07:00,2025-09-29T12:36:54-07:00,0,4
index.html,12,html,f0a2846e,Susana,2025-10-17,14:08:03,-07:00,2025-10-17T14:08:03-07:00,2,44
index.html,13,html,27839b7c,Susana,2025-09-30,21:00:36,-07:00,2025-09-30T21:00:36-07:00,2,94
index.html,14,html,27839b7c,Susana,2025-09-30,21:00:36,-07:00,2025-09-30T21:00:36-07:00,4,92
index.html,15,html,27839b7c,Susana,2025-09-30,21:00:36,-07:00,2025-09-30T21:00:36-07:00,4,84
index.html,16,html,27839b7c,Susana,2025-09-30,21:00:36,-07:00,2025-09-30T21:00:36-07:00,4,34
index.html,17,html,27839b7c,Susana,2025-09-30,21:00:36,-07:00,2025-09-30T21:00:36-07:00,2,2
index.html,18,html,27839b7c,Susana,2025-09-30,21:00:36,-07:00,2025-09-30T21:00:36-07:00,2,1
index.html,19,html,27839b7c,Susana,2025-09-30,21:00:36,-07:00,2025-09-30T21:00:36-07:00,4,74
index.html,20,html,27839b7c,Susana,2025-09-30,21:00:36,-07:00,2025-09-30T21:00:36-07:00,2,2
index.html,21,html,27839b7c,Susana,2025-09-30,21:00:36,-07:00,2025-09-30T21:00:36-07:00,2,101
index.html,22,html,6538b5c8,Susana,2025-10-15,18:15:08,-07:00,2025-10-15T18:15:08-07:00,0,0
index.html,23,html,05dc114c,Susana,2025-10-23,16:48:01,-07:00,2025-10-23T16:48:01-07:00,2,39
index.html,24,html,0bf004b9,Susana,2025-10-23,18:08:29,-07:00,2025-10-23T18:08:29-07:00,2,20
index.html,25,html,761256c6,Susana,2025-10-22,23:01:17,-07:00,2025-10-22T23:01:17-07:00,2,49
index.html,26,html,761256c6,Susana,2025-10-22,23:01:17,-07:00,2025-10-22T23:01:17-07:00,2,4
index.html,27,html,3575c355,Susana,2025-10-23,17:54:22,-07:00,2025-10-23T17:54:22-07:00,0,0
index.html,28,html,3575c355,Susana,2025-10-23,17:54:22,-07:00,2025-10-23T17:54:22-07:00,2,39
index.html,29,html,3575c355,Susana,2025-10-23,17:54:22,-07:00,2025-10-23T17:54:22-07:00,4,28
index.html,30,html,3575c355,Susana,2025-10-23,17:54:22,-07:00,2025-10-23T17:54:22-07:00,0,0
index.html,31,html,3575c355,Susana,2025-10-23,17:54:22,-07:00,2025-10-23T17:54:22-07:00,2,4
index.html,32,html,674f494e,Susana,2025-09-29,12:36:54,-07:00,2025-09-29T12:36:54-07:00,0,5
index.html,33,html,674f494e,Susana,2025-09-29,12:36:54,-07:00,2025-09-29T12:36:54-07:00,0,5
global.js,1,js,6c79915d,Susana,2025-10-15,18:40:46,-07:00,2025-10-15T18:40:46-07:00,0,10
global.js,2,js,60a35c77,Susana,2025-10-30,21:42:08,-07:00,2025-10-30T21:42:08-07:00,0,22
global.js,3,js,6538b5c8,Susana,2025-10-15,18:15:08,-07:00,2025-10-15T18:15:08-07:00,0,0
global.js,4,js,6538b5c8,Susana,2025-10-15,18:15:08,-07:00,2025-10-15T18:15:08-07:00,0,41
global.js,5,js,6538b5c8,Susana,2025-10-15,18:15:08,-07:00,2025-10-15T18:15:08-07:00,1,52
global.js,6,js,6538b5c8,Susana,2025-10-15,18:15:08,-07:00,2025-10-15T18:15:08-07:00,0,0
global.js,7,js,184236b5,Susana,2025-10-15,18:26:35,-07:00,2025-10-15T18:26:35-07:00,0,0
global.js,8,js,c84f0543,Susana,2025-10-16,21:25:39,-07:00,2025-10-16T21:25:39-07:00,0,65
global.js,9,js,184236b5,Susana,2025-10-15,18:26:35,-07:00,2025-10-15T18:26:35-07:00,0,0
global.js,10,js,c84f0543,Susana,2025-10-16,21:25:39,-07:00,2025-10-16T21:25:39-07:00,0,39
global.js,11,js,c84f0543,Susana,2025-10-16,21:25:39,-07:00,2025-10-16T21:25:39-07:00,0,57
global.js,12,js,c84f0543,Susana,2025-10-16,21:25:39,-07:00,2025-10-16T21:25:39-07:00,0,67
global.js,13,js,c84f0543,Susana,2025-10-16,21:25:39,-07:00,2025-10-16T21:25:39-07:00,0,69
global.js,14,js,c84f0543,Susana,2025-10-16,21:25:39,-07:00,2025-10-16T21:25:39-07:00,0,4
global.js,15,js,eedf239f,Susana,2025-10-16,16:28:32,-07:00,2025-10-16T16:28:32-07:00,0,0
global.js,16,js,c84f0543,Susana,2025-10-16,21:25:39,-07:00,2025-10-16T21:25:39-07:00,0,39
global.js,17,js,184236b5,Susana,2025-10-15,18:26:35,-07:00,2025-10-15T18:26:35-07:00,0,0
global.js,18,js,ff1d933a,Susana,2025-10-23,17:38:22,-07:00,2025-10-23T17:38:22-07:00,0,95
global.js,19,js,ff1d933a,Susana,2025-10-23,17:38:22,-07:00,2025-10-23T17:38:22-07:00,1,36
global.js,20,js,ff1d933a,Susana,2025-10-23,17:38:22,-07:00,2025-10-23T17:38:22-07:00,1,52
global.js,21,js,ff1d933a,Susana,2025-10-23,17:38:22,-07:00,2025-10-23T17:38:22-07:00,0,0
global.js,22,js,ff1d933a,Susana,2025-10-23,17:38:22,-07:00,2025-10-23T17:38:22-07:00,0,0
global.js,23,js,ff2171cc,Susana,2025-10-20,16:33:58,-07:00,2025-10-20T16:33:58-07:00,0,36
global.js,24,js,ff2171cc,Susana,2025-10-20,16:33:58,-07:00,2025-10-20T16:33:58-07:00,1,3
global.js,25,js,ff2171cc,Susana,2025-10-20,16:33:58,-07:00,2025-10-20T16:33:58-07:00,2,32
global.js,26,js,1d7c490c,Susana,2025-10-20,16:42:22,-07:00,2025-10-20T16:42:22-07:00,0,0
global.js,27,js,ff2171cc,Susana,2025-10-20,16:33:58,-07:00,2025-10-20T16:33:58-07:00,2,17
global.js,28,js,03171a0a,Susana,2025-10-20,16:36:42,-07:00,2025-10-20T16:36:42-07:00,3,66
global.js,29,js,03171a0a,Susana,2025-10-20,16:36:42,-07:00,2025-10-20T16:36:42-07:00,2,0
global.js,30,js,1d7c490c,Susana,2025-10-20,16:42:22,-07:00,2025-10-20T16:42:22-07:00,0,0
global.js,31,js,d0e05e79,Susana,2025-10-22,21:20:53,-07:00,2025-10-22T21:20:53-07:00,2,33
global.js,32,js,d0e05e79,Susana,2025-10-22,21:20:53,-07:00,2025-10-22T21:20:53-07:00,2,33
global.js,33,js,d0e05e79,Susana,2025-10-22,21:20:53,-07:00,2025-10-22T21:20:53-07:00,2,10
global.js,34,js,ff2171cc,Susana,2025-10-20,16:33:58,-07:00,2025-10-20T16:33:58-07:00,1,15
global.js,35,js,ff2171cc,Susana,2025-10-20,16:33:58,-07:00,2025-10-20T16:33:58-07:00,2,59
global.js,36,js,ff2171cc,Susana,2025-10-20,16:33:58,-07:00,2025-10-20T16:33:58-07:00,1,0
global.js,37,js,ff2171cc,Susana,2025-10-20,16:33:58,-07:00,2025-10-20T16:33:58-07:00,0,0
global.js,38,js,ff2171cc,Susana,2025-10-20,16:33:58,-07:00,2025-10-20T16:33:58-07:00,0,0
global.js,39,js,991ce388,Susana,2025-10-22,22:20:35,-07:00,2025-10-22T22:20:35-07:00,0,79
global.js,40,js,991ce388,Susana,2025-10-22,22:20:35,-07:00,2025-10-22T22:20:35-07:00,1,15
global.js,41,js,991ce388,Susana,2025-10-22,22:20:35,-07:00,2025-10-22T22:20:35-07:00,1,52
global.js,42,js,991ce388,Susana,2025-10-22,22:20:35,-07:00,2025-10-22T22:20:35-07:00,1,37
global.js,43,js,991ce388,Susana,2025-10-22,22:20:35,-07:00,2025-10-22T22:20:35-07:00,2,73
global.js,44,js,991ce388,Susana,2025-10-22,22:20:35,-07:00,2025-10-22T22:20:35-07:00,2,18
global.js,45,js,991ce388,Susana,2025-10-22,22:20:35,-07:00,2025-10-22T22:20:35-07:00,1,0
global.js,46,js,991ce388,Susana,2025-10-22,22:20:35,-07:00,2025-10-22T22:20:35-07:00,0,0
global.js,47,js,991ce388,Susana,2025-10-22,22:20:35,-07:00,2025-10-22T22:20:35-07:00,1,30
global.js,48,js,991ce388,Susana,2025-10-22,22:20:35,-07:00,2025-10-22T22:20:35-07:00,0,0
global.js,49,js,991ce388,Susana,2025-10-22,22:20:35,-07:00,2025-10-22T22:20:35-07:00,1,29
global.js,50,js,991ce388,Susana,2025-10-22,22:20:35,-07:00,2025-10-22T22:20:35-07:00,2,48
global.js,51,js,991ce388,Susana,2025-10-22,22:20:35,-07:00,2025-10-22T22:20:35-07:00,0,0
global.js,52,js,991ce388,Susana,2025-10-22,22:20:35,-07:00,2025-10-22T22:20:35-07:00,2,51
global.js,53,js,991ce388,Susana,2025-10-22,22:20:35,-07:00,2025-10-22T22:20:35-07:00,2,40
global.js,54,js,60a35c77,Susana,2025-10-30,21:42:08,-07:00,2025-10-30T21:42:08-07:00,2,46
global.js,55,js,60a35c77,Susana,2025-10-30,21:42:08,-07:00,2025-10-30T21:42:08-07:00,2,39
global.js,56,js,991ce388,Susana,2025-10-22,22:20:35,-07:00,2025-10-22T22:20:35-07:00,0,0
global.js,57,js,991ce388,Susana,2025-10-22,22:20:35,-07:00,2025-10-22T22:20:35-07:00,2,34
global.js,58,js,991ce388,Susana,2025-10-22,22:20:35,-07:00,2025-10-22T22:20:35-07:00,2,28
global.js,59,js,991ce388,Susana,2025-10-22,22:20:35,-07:00,2025-10-22T22:20:35-07:00,2,41
global.js,60,js,60a35c77,Susana,2025-10-30,21:42:08,-07:00,2025-10-30T21:42:08-07:00,2,50
global.js,61,js,60a35c77,Susana,2025-10-30,21:42:08,-07:00,2025-10-30T21:42:08-07:00,2,44
global.js,62,js,991ce388,Susana,2025-10-22,22:20:35,-07:00,2025-10-22T22:20:35-07:00,0,0
global.js,63,js,60a35c77,Susana,2025-10-30,21:42:08,-07:00,2025-10-30T21:42:08-07:00,2,33
global.js,64,js,60a35c77,Susana,2025-10-30,21:42:08,-07:00,2025-10-30T21:42:08-07:00,0,0
global.js,65,js,60a35c77,Susana,2025-10-30,21:42:08,-07:00,2025-10-30T21:42:08-07:00,2,48
global.js,66,js,60a35c77,Susana,2025-10-30,21:42:08,-07:00,2025-10-30T21:42:08-07:00,2,40
global.js,67,js,60a35c77,Susana,2025-10-30,21:42:08,-07:00,2025-10-30T21:42:08-07:00,2,36
global.js,68,js,60a35c77,Susana,2025-10-30,21:42:08,-07:00,2025-10-30T21:42:08-07:00,0,0
global.js,69,js,60a35c77,Susana,2025-10-30,21:42:08,-07:00,2025-10-30T21:42:08-07:00,2,40
global.js,70,js,991ce388,Susana,2025-10-22,22:20:35,-07:00,2025-10-22T22:20:35-07:00,0,0
global.js,71,js,991ce388,Susana,2025-10-22,22:20:35,-07:00,2025-10-22T22:20:35-07:00,2,36
global.js,72,js,991ce388,Susana,2025-10-22,22:20:35,-07:00,2025-10-22T22:20:35-07:00,1,1
global.js,73,js,991ce388,Susana,2025-10-22,22:20:35,-07:00,2025-10-22T22:20:35-07:00,0,0
global.js,74,js,991ce388,Susana,2025-10-22,22:20:35,-07:00,2025-10-22T22:20:35-07:00,0,0
global.js,75,js,05dc114c,Susana,2025-10-23,16:48:01,-07:00,2025-10-23T16:48:01-07:00,0,47
global.js,76,js,05dc114c,Susana,2025-10-23,16:48:01,-07:00,2025-10-23T16:48:01-07:00,1,22
global.js,77,js,05dc114c,Susana,2025-10-23,16:48:01,-07:00,2025-10-23T16:48:01-07:00,1,59
global.js,78,js,05dc114c,Susana,2025-10-23,16:48:01,-07:00,2025-10-23T16:48:01-07:00,0,0
global.js,79,js,05dc114c,Susana,2025-10-23,16:48:01,-07:00,2025-10-23T16:48:01-07:00,0,0
global.js,80,js,05dc114c,Susana,2025-10-23,16:48:01,-07:00,2025-10-23T16:48:01-07:00,0,0
global.js,81,js,05dc114c,Susana,2025-10-23,16:48:01,-07:00,2025-10-23T16:48:01-07:00,0,0
global.js,82,js,68ced61a,Susana,2025-10-22,22:33:29,-07:00,2025-10-22T22:33:29-07:00,0,0
global.js,83,js,68ced61a,Susana,2025-10-22,22:33:29,-07:00,2025-10-22T22:33:29-07:00,0,52
global.js,84,js,68ced61a,Susana,2025-10-22,22:33:29,-07:00,2025-10-22T22:33:29-07:00,0,54
global.js,85,js,68ced61a,Susana,2025-10-22,22:33:29,-07:00,2025-10-22T22:33:29-07:00,0,0
global.js,86,js,1ef17396,Susana,2025-10-23,17:30:52,-07:00,2025-10-23T17:30:52-07:00,0,61
global.js,87,js,68ced61a,Susana,2025-10-22,22:33:29,-07:00,2025-10-22T22:33:29-07:00,1,34
global.js,88,js,68ced61a,Susana,2025-10-22,22:33:29,-07:00,2025-10-22T22:33:29-07:00,1,10
global.js,89,js,1ef17396,Susana,2025-10-23,17:30:52,-07:00,2025-10-23T17:30:52-07:00,2,48
global.js,90,js,68ced61a,Susana,2025-10-22,22:33:29,-07:00,2025-10-22T22:33:29-07:00,1,0
global.js,91,js,68ced61a,Susana,2025-10-22,22:33:29,-07:00,2025-10-22T22:33:29-07:00,0,1
global.js,92,js,ff2171cc,Susana,2025-10-20,16:33:58,-07:00,2025-10-20T16:33:58-07:00,0,0
global.js,93,js,1d7c490c,Susana,2025-10-20,16:42:22,-07:00,2025-10-20T16:42:22-07:00,0,0
global.js,94,js,c84f0543,Susana,2025-10-16,21:25:39,-07:00,2025-10-16T21:25:39-07:00,0,11
global.js,95,js,c84f0543,Susana,2025-10-16,21:25:39,-07:00,2025-10-16T21:25:39-07:00,1,25
global.js,96,js,c84f0543,Susana,2025-10-16,21:25:39,-07:00,2025-10-16T21:25:39-07:00,1,38
global.js,97,js,c84f0543,Susana,2025-10-16,21:25:39,-07:00,2025-10-16T21:25:39-07:00,1,33
global.js,98,js,c84f0543,Susana,2025-10-16,21:25:39,-07:00,2025-10-16T21:25:39-07:00,1,35
global.js,99,js,57544aa6,Susana,2025-10-16,22:08:56,-07:00,2025-10-16T22:08:56-07:00,1,53
global.js,100,js,57544aa6,Susana,2025-10-16,22:08:56,-07:00,2025-10-16T22:08:56-07:00,1,68
global.js,101,js,c84f0543,Susana,2025-10-16,21:25:39,-07:00,2025-10-16T21:25:39-07:00,1,32
global.js,102,js,c84f0543,Susana,2025-10-16,21:25:39,-07:00,2025-10-16T21:25:39-07:00,0,0
global.js,103,js,b41d4427,Susana,2025-10-16,16:22:49,-07:00,2025-10-16T16:22:49-07:00,0,0
global.js,104,js,c84f0543,Susana,2025-10-16,21:25:39,-07:00,2025-10-16T21:25:39-07:00,0,38
global.js,105,js,c84f0543,Susana,2025-10-16,21:25:39,-07:00,2025-10-16T21:25:39-07:00,0,25
global.js,106,js,b41d4427,Susana,2025-10-16,16:22:49,-07:00,2025-10-16T16:22:49-07:00,0,0
global.js,107,js,c84f0543,Susana,2025-10-16,21:25:39,-07:00,2025-10-16T21:25:39-07:00,0,20
global.js,108,js,c84f0543,Susana,2025-10-16,21:25:39,-07:00,2025-10-16T21:25:39-07:00,1,14
global.js,109,js,c84f0543,Susana,2025-10-16,21:25:39,-07:00,2025-10-16T21:25:39-07:00,1,18
global.js,110,js,b41d4427,Susana,2025-10-16,16:22:49,-07:00,2025-10-16T16:22:49-07:00,0,0
global.js,111,js,252c542d,Susana,2025-10-16,21:43:59,-07:00,2025-10-16T21:43:59-07:00,1,52
global.js,112,js,252c542d,Susana,2025-10-16,21:43:59,-07:00,2025-10-16T21:43:59-07:00,0,0
global.js,113,js,224618b0,Susana,2025-10-16,21:59:19,-07:00,2025-10-16T21:59:19-07:00,1,34
global.js,114,js,224618b0,Susana,2025-10-16,21:59:19,-07:00,2025-10-16T21:59:19-07:00,1,11
global.js,115,js,224618b0,Susana,2025-10-16,21:59:19,-07:00,2025-10-16T21:59:19-07:00,1,20
global.js,116,js,57544aa6,Susana,2025-10-16,22:08:56,-07:00,2025-10-16T22:08:56-07:00,0,0
global.js,117,js,40d8f020,Susana,2025-10-16,22:47:23,-07:00,2025-10-16T22:47:23-07:00,1,23
global.js,118,js,57544aa6,Susana,2025-10-16,22:08:56,-07:00,2025-10-16T22:08:56-07:00,1,65
global.js,119,js,57544aa6,Susana,2025-10-16,22:08:56,-07:00,2025-10-16T22:08:56-07:00,2,25
global.js,120,js,57544aa6,Susana,2025-10-16,22:08:56,-07:00,2025-10-16T22:08:56-07:00,1,0
global.js,121,js,9d5c1c9a,Susana,2025-10-16,22:45:54,-07:00,2025-10-16T22:45:54-07:00,0,0
global.js,122,js,40d8f020,Susana,2025-10-16,22:47:23,-07:00,2025-10-16T22:47:23-07:00,1,33
global.js,123,js,9d5c1c9a,Susana,2025-10-16,22:45:54,-07:00,2025-10-16T22:45:54-07:00,1,29
global.js,124,js,40d8f020,Susana,2025-10-16,22:47:23,-07:00,2025-10-16T22:47:23-07:00,2,18
global.js,125,js,40d8f020,Susana,2025-10-16,22:47:23,-07:00,2025-10-16T22:47:23-07:00,2,28
global.js,126,js,9d5c1c9a,Susana,2025-10-16,22:45:54,-07:00,2025-10-16T22:45:54-07:00,1,0
global.js,127,js,57544aa6,Susana,2025-10-16,22:08:56,-07:00,2025-10-16T22:08:56-07:00,0,0
global.js,128,js,224618b0,Susana,2025-10-16,21:59:19,-07:00,2025-10-16T21:59:19-07:00,1,12
global.js,129,js,252c542d,Susana,2025-10-16,21:43:59,-07:00,2025-10-16T21:43:59-07:00,0,0
global.js,130,js,252c542d,Susana,2025-10-16,21:43:59,-07:00,2025-10-16T21:43:59-07:00,0,0
global.js,131,js,1f394c38,Susana,2025-10-17,13:39:50,-07:00,2025-10-17T13:39:50-07:00,0,31
global.js,132,js,1f394c38,Susana,2025-10-17,13:39:50,-07:00,2025-10-17T13:39:50-07:00,1,11
global.js,133,js,1f394c38,Susana,2025-10-17,13:39:50,-07:00,2025-10-17T13:39:50-07:00,1,0
global.js,134,js,1f394c38,Susana,2025-10-17,13:39:50,-07:00,2025-10-17T13:39:50-07:00,0,26
global.js,135,js,1f394c38,Susana,2025-10-17,13:39:50,-07:00,2025-10-17T13:39:50-07:00,0,4
global.js,136,js,48dcb550,Susana,2025-10-17,13:50:56,-07:00,2025-10-17T13:50:56-07:00,0,26
global.js,137,js,1f394c38,Susana,2025-10-17,13:39:50,-07:00,2025-10-17T13:39:50-07:00,0,54
global.js,138,js,1f394c38,Susana,2025-10-17,13:39:50,-07:00,2025-10-17T13:39:50-07:00,3,36
global.js,139,js,1f394c38,Susana,2025-10-17,13:39:50,-07:00,2025-10-17T13:39:50-07:00,3,34
global.js,140,js,1f394c38,Susana,2025-10-17,13:39:50,-07:00,2025-10-17T13:39:50-07:00,0,7
global.js,141,js,1f394c38,Susana,2025-10-17,13:39:50,-07:00,2025-10-17T13:39:50-07:00,0,8
global.js,142,js,1f394c38,Susana,2025-10-17,13:39:50,-07:00,2025-10-17T13:39:50-07:00,0,0
global.js,143,js,57544aa6,Susana,2025-10-16,22:08:56,-07:00,2025-10-16T22:08:56-07:00,0,0
global.js,144,js,6e4f20e7,Susana,2025-10-17,13:45:55,-07:00,2025-10-17T13:45:55-07:00,0,53
global.js,145,js,6e4f20e7,Susana,2025-10-17,13:45:55,-07:00,2025-10-17T13:45:55-07:00,0,0
global.js,146,js,dec326ee,Susana,2025-10-17,14:01:14,-07:00,2025-10-17T14:01:14-07:00,0,34
global.js,147,js,dec326ee,Susana,2025-10-17,14:01:14,-07:00,2025-10-17T14:01:14-07:00,1,43
global.js,148,js,dec326ee,Susana,2025-10-17,14:01:14,-07:00,2025-10-17T14:01:14-07:00,1,25
global.js,149,js,dec326ee,Susana,2025-10-17,14:01:14,-07:00,2025-10-17T14:01:14-07:00,1,27
global.js,150,js,dec326ee,Susana,2025-10-17,14:01:14,-07:00,2025-10-17T14:01:14-07:00,2,56
global.js,151,js,dec326ee,Susana,2025-10-17,14:01:14,-07:00,2025-10-17T14:01:14-07:00,1,6
global.js,152,js,dec326ee,Susana,2025-10-17,14:01:14,-07:00,2025-10-17T14:01:14-07:00,2,55
global.js,153,js,dec326ee,Susana,2025-10-17,14:01:14,-07:00,2025-10-17T14:01:14-07:00,1,0
global.js,154,js,dec326ee,Susana,2025-10-17,14:01:14,-07:00,2025-10-17T14:01:14-07:00,0,0
global.js,155,js,dec326ee,Susana,2025-10-17,14:01:14,-07:00,2025-10-17T14:01:14-07:00,0,0
global.js,156,js,1f394c38,Susana,2025-10-17,13:39:50,-07:00,2025-10-17T13:39:50-07:00,0,49
global.js,157,js,f0a2846e,Susana,2025-10-17,14:08:03,-07:00,2025-10-17T14:08:03-07:00,1,31
global.js,158,js,f0a2846e,Susana,2025-10-17,14:08:03,-07:00,2025-10-17T14:08:03-07:00,1,44
global.js,159,js,f0a2846e,Susana,2025-10-17,14:08:03,-07:00,2025-10-17T14:08:03-07:00,1,64
global.js,160,js,f0a2846e,Susana,2025-10-17,14:08:03,-07:00,2025-10-17T14:08:03-07:00,1,30
global.js,161,js,dec326ee,Susana,2025-10-17,14:01:14,-07:00,2025-10-17T14:01:14-07:00,0,0
global.js,162,js,f0a2846e,Susana,2025-10-17,14:08:03,-07:00,2025-10-17T14:08:03-07:00,1,21
global.js,163,js,dec326ee,Susana,2025-10-17,14:01:14,-07:00,2025-10-17T14:01:14-07:00,2,56
global.js,164,js,dec326ee,Susana,2025-10-17,14:01:14,-07:00,2025-10-17T14:01:14-07:00,0,0
global.js,165,js,dec326ee,Susana,2025-10-17,14:01:14,-07:00,2025-10-17T14:01:14-07:00,1,0
global.js,166,js,dec326ee,Susana,2025-10-17,14:01:14,-07:00,2025-10-17T14:01:14-07:00,1,4
global.js,167,js,dec326ee,Susana,2025-10-17,14:01:14,-07:00,2025-10-17T14:01:14-07:00,2,49
global.js,168,js,dec326ee,Susana,2025-10-17,14:01:14,-07:00,2025-10-17T14:01:14-07:00,1,0
global.js,169,js,dec326ee,Susana,2025-10-17,14:01:14,-07:00,2025-10-17T14:01:14-07:00,0,1
global.js,170,js,dec326ee,Susana,2025-10-17,14:01:14,-07:00,2025-10-17T14:01:14-07:00,0,0
global.js,171,js,fea1bd2b,Susana,2025-10-17,14:26:37,-07:00,2025-10-17T14:26:37-07:00,0,42
global.js,172,js,fea1bd2b,Susana,2025-10-17,14:26:37,-07:00,2025-10-17T14:26:37-07:00,0,0
global.js,173,js,fea1bd2b,Susana,2025-10-17,14:26:37,-07:00,2025-10-17T14:26:37-07:00,0,49
global.js,174,js,97eb559d,Susana,2025-10-17,14:30:07,-07:00,2025-10-17T14:30:07-07:00,1,47
global.js,175,js,fea1bd2b,Susana,2025-10-17,14:26:37,-07:00,2025-10-17T14:26:37-07:00,0,0
global.js,176,js,fea1bd2b,Susana,2025-10-17,14:26:37,-07:00,2025-10-17T14:26:37-07:00,1,30
global.js,177,js,fea1bd2b,Susana,2025-10-17,14:26:37,-07:00,2025-10-17T14:26:37-07:00,1,16
global.js,178,js,fea1bd2b,Susana,2025-10-17,14:26:37,-07:00,2025-10-17T14:26:37-07:00,0,0
global.js,179,js,fea1bd2b,Susana,2025-10-17,14:26:37,-07:00,2025-10-17T14:26:37-07:00,1,31
global.js,180,js,97eb559d,Susana,2025-10-17,14:30:07,-07:00,2025-10-17T14:30:07-07:00,2,70
global.js,181,js,fea1bd2b,Susana,2025-10-17,14:26:37,-07:00,2025-10-17T14:26:37-07:00,1,0
global.js,182,js,fea1bd2b,Susana,2025-10-17,14:26:37,-07:00,2025-10-17T14:26:37-07:00,0,0
global.js,183,js,97eb559d,Susana,2025-10-17,14:30:07,-07:00,2025-10-17T14:30:07-07:00,1,47
global.js,184,js,fea1bd2b,Susana,2025-10-17,14:26:37,-07:00,2025-10-17T14:26:37-07:00,1,27
global.js,185,js,97eb559d,Susana,2025-10-17,14:30:07,-07:00,2025-10-17T14:30:07-07:00,1,18
global.js,186,js,d0e05e79,Susana,2025-10-22,21:20:53,-07:00,2025-10-22T21:20:53-07:00,0,1
global.js,187,js,d0e05e79,Susana,2025-10-22,21:20:53,-07:00,2025-10-22T21:20:53-07:00,0,0
global.js,188,js,991ce388,Susana,2025-10-22,22:20:35,-07:00,2025-10-22T22:20:35-07:00,0,33
resume\index.html,1,html,27839b7c,Susana,2025-09-30,21:00:36,-07:00,2025-09-30T21:00:36-07:00,0,13
resume\index.html,2,html,27839b7c,Susana,2025-09-30,21:00:36,-07:00,2025-09-30T21:00:36-07:00,0,14
resume\index.html,3,html,27839b7c,Susana,2025-09-30,21:00:36,-07:00,2025-09-30T21:00:36-07:00,0,4
resume\index.html,4,html,27839b7c,Susana,2025-09-30,21:00:36,-07:00,2025-09-30T21:00:36-07:00,2,20
resume\index.html,5,html,27839b7c,Susana,2025-09-30,21:00:36,-07:00,2025-09-30T21:00:36-07:00,2,68
resume\index.html,6,html,27839b7c,Susana,2025-09-30,21:00:36,-07:00,2025-09-30T21:00:36-07:00,2,19
resume\index.html,7,html,db186fc7,Susana,2025-10-07,21:35:43,-07:00,2025-10-07T21:35:43-07:00,2,44
resume\index.html,8,html,27839b7c,Susana,2025-09-30,21:00:36,-07:00,2025-09-30T21:00:36-07:00,0,5
resume\index.html,9,html,27839b7c,Susana,2025-09-30,21:00:36,-07:00,2025-09-30T21:00:36-07:00,0,4
resume\index.html,10,html,63b71a46,Susana,2025-10-07,23:19:50,-07:00,2025-10-07T23:19:50-07:00,2,35
resume\index.html,11,html,79a24b73,Susana,2025-10-10,18:33:54,-07:00,2025-10-10T18:33:54-07:00,2,29
resume\index.html,12,html,89e06369,Susana,2025-10-02,15:25:12,-07:00,2025-10-02T15:25:12-07:00,4,25
resume\index.html,13,html,89e06369,Susana,2025-10-02,15:25:12,-07:00,2025-10-02T15:25:12-07:00,2,8
resume\index.html,14,html,59382fbb,Susana,2025-10-02,15:59:21,-07:00,2025-10-02T15:59:21-07:00,0,0
resume\index.html,15,html,aee67768,Susana,2025-10-02,16:30:27,-07:00,2025-10-02T16:30:27-07:00,0,0
resume\index.html,16,html,79a24b73,Susana,2025-10-10,18:33:54,-07:00,2025-10-10T18:33:54-07:00,2,27
resume\index.html,17,html,59382fbb,Susana,2025-10-02,15:59:21,-07:00,2025-10-02T15:59:21-07:00,4,16
resume\index.html,18,html,79a24b73,Susana,2025-10-10,18:33:54,-07:00,2025-10-10T18:33:54-07:00,4,21
resume\index.html,19,html,59382fbb,Susana,2025-10-02,15:59:21,-07:00,2025-10-02T15:59:21-07:00,6,19
resume\index.html,20,html,59382fbb,Susana,2025-10-02,15:59:21,-07:00,2025-10-02T15:59:21-07:00,8,70
resume\index.html,21,html,59382fbb,Susana,2025-10-02,15:59:21,-07:00,2025-10-02T15:59:21-07:00,6,3
resume\index.html,22,html,59382fbb,Susana,2025-10-02,15:59:21,-07:00,2025-10-02T15:59:21-07:00,6,1
resume\index.html,23,html,560de63e,Susana,2025-10-10,19:39:34,-07:00,2025-10-10T19:39:34-07:00,8,101
resume\index.html,24,html,59382fbb,Susana,2025-10-02,15:59:21,-07:00,2025-10-02T15:59:21-07:00,6,2
resume\index.html,25,html,59382fbb,Susana,2025-10-02,15:59:21,-07:00,2025-10-02T15:59:21-07:00,4,8
resume\index.html,26,html,79a24b73,Susana,2025-10-10,18:33:54,-07:00,2025-10-10T18:33:54-07:00,4,22
resume\index.html,27,html,59382fbb,Susana,2025-10-02,15:59:21,-07:00,2025-10-02T15:59:21-07:00,6,37
resume\index.html,28,html,59382fbb,Susana,2025-10-02,15:59:21,-07:00,2025-10-02T15:59:21-07:00,8,68
resume\index.html,29,html,59382fbb,Susana,2025-10-02,15:59:21,-07:00,2025-10-02T15:59:21-07:00,6,3
resume\index.html,30,html,59382fbb,Susana,2025-10-02,15:59:21,-07:00,2025-10-02T15:59:21-07:00,6,1
resume\index.html,31,html,59382fbb,Susana,2025-10-02,15:59:21,-07:00,2025-10-02T15:59:21-07:00,8,79
resume\index.html,32,html,59382fbb,Susana,2025-10-02,15:59:21,-07:00,2025-10-02T15:59:21-07:00,6,2
resume\index.html,33,html,59382fbb,Susana,2025-10-02,15:59:21,-07:00,2025-10-02T15:59:21-07:00,4,8
resume\index.html,34,html,59382fbb,Susana,2025-10-02,15:59:21,-07:00,2025-10-02T15:59:21-07:00,2,8
resume\index.html,35,html,59382fbb,Susana,2025-10-02,15:59:21,-07:00,2025-10-02T15:59:21-07:00,0,0
resume\index.html,36,html,79a24b73,Susana,2025-10-10,18:33:54,-07:00,2025-10-10T18:33:54-07:00,2,22
resume\index.html,37,html,27839b7c,Susana,2025-09-30,21:00:36,-07:00,2025-09-30T21:00:36-07:00,4,22
resume\index.html,38,html,79a24b73,Susana,2025-10-10,18:33:54,-07:00,2025-10-10T18:33:54-07:00,4,25
resume\index.html,39,html,79a24b73,Susana,2025-10-10,18:33:54,-07:00,2025-10-10T18:33:54-07:00,6,39
resume\index.html,40,html,560de63e,Susana,2025-10-10,19:39:34,-07:00,2025-10-10T19:39:34-07:00,8,104
resume\index.html,41,html,63a776b2,Susana,2025-10-02,15:43:25,-07:00,2025-10-02T15:43:25-07:00,6,3
resume\index.html,42,html,63a776b2,Susana,2025-10-02,15:43:25,-07:00,2025-10-02T15:43:25-07:00,6,2
resume\index.html,43,html,63a776b2,Susana,2025-10-02,15:43:25,-07:00,2025-10-02T15:43:25-07:00,8,211
resume\index.html,44,html,f9df0bfa,Susana,2025-10-10,19:06:19,-07:00,2025-10-10T19:06:19-07:00,8,231
resume\index.html,45,html,f9df0bfa,Susana,2025-10-10,19:06:19,-07:00,2025-10-10T19:06:19-07:00,8,180
resume\index.html,46,html,63a776b2,Susana,2025-10-02,15:43:25,-07:00,2025-10-02T15:43:25-07:00,6,3
resume\index.html,47,html,27839b7c,Susana,2025-09-30,21:00:36,-07:00,2025-09-30T21:00:36-07:00,4,8
resume\index.html,48,html,79a24b73,Susana,2025-10-10,18:33:54,-07:00,2025-10-10T18:33:54-07:00,4,27
resume\index.html,49,html,79a24b73,Susana,2025-10-10,18:33:54,-07:00,2025-10-10T18:33:54-07:00,6,40
resume\index.html,50,html,560de63e,Susana,2025-10-10,19:39:34,-07:00,2025-10-10T19:39:34-07:00,8,107
resume\index.html,51,html,63a776b2,Susana,2025-10-02,15:43:25,-07:00,2025-10-02T15:43:25-07:00,6,3
resume\index.html,52,html,63a776b2,Susana,2025-10-02,15:43:25,-07:00,2025-10-02T15:43:25-07:00,6,2
resume\index.html,53,html,79a24b73,Susana,2025-10-10,18:33:54,-07:00,2025-10-10T18:33:54-07:00,8,237
resume\index.html,54,html,f9df0bfa,Susana,2025-10-10,19:06:19,-07:00,2025-10-10T19:06:19-07:00,8,228
resume\index.html,55,html,f9df0bfa,Susana,2025-10-10,19:06:19,-07:00,2025-10-10T19:06:19-07:00,8,232
resume\index.html,56,html,471e9ce5,Susana,2025-10-02,16:09:12,-07:00,2025-10-02T16:09:12-07:00,6,3
resume\index.html,57,html,63a776b2,Susana,2025-10-02,15:43:25,-07:00,2025-10-02T15:43:25-07:00,4,8
resume\index.html,58,html,63a776b2,Susana,2025-10-02,15:43:25,-07:00,2025-10-02T15:43:25-07:00,2,8
resume\index.html,59,html,6538b5c8,Susana,2025-10-15,18:15:08,-07:00,2025-10-15T18:15:08-07:00,0,0
resume\index.html,60,html,1355e938,Susana,2025-10-15,18:19:58,-07:00,2025-10-15T18:19:58-07:00,2,48
resume\index.html,61,html,6538b5c8,Susana,2025-10-15,18:15:08,-07:00,2025-10-15T18:15:08-07:00,0,0
resume\index.html,62,html,27839b7c,Susana,2025-09-30,21:00:36,-07:00,2025-09-30T21:00:36-07:00,0,5
resume\index.html,63,html,27839b7c,Susana,2025-09-30,21:00:36,-07:00,2025-09-30T21:00:36-07:00,0,5
projects\projects.js,1,js,991ce388,Susana,2025-10-22,22:20:35,-07:00,2025-10-22T22:20:35-07:00,0,55
projects\projects.js,2,js,60a35c77,Susana,2025-10-30,21:42:08,-07:00,2025-10-30T21:42:08-07:00,0,63
projects\projects.js,3,js,991ce388,Susana,2025-10-22,22:20:35,-07:00,2025-10-22T22:20:35-07:00,0,0
projects\projects.js,4,js,991ce388,Susana,2025-10-22,22:20:35,-07:00,2025-10-22T22:20:35-07:00,0,55
projects\projects.js,5,js,991ce388,Susana,2025-10-22,22:20:35,-07:00,2025-10-22T22:20:35-07:00,0,60
projects\projects.js,6,js,60a35c77,Susana,2025-10-30,21:42:08,-07:00,2025-10-30T21:42:08-07:00,0,55
projects\projects.js,7,js,60a35c77,Susana,2025-10-30,21:42:08,-07:00,2025-10-30T21:42:08-07:00,0,0
projects\projects.js,8,js,60a35c77,Susana,2025-10-30,21:42:08,-07:00,2025-10-30T21:42:08-07:00,0,48
projects\projects.js,9,js,60a35c77,Susana,2025-10-30,21:42:08,-07:00,2025-10-30T21:42:08-07:00,0,0
projects\projects.js,10,js,60a35c77,Susana,2025-10-30,21:42:08,-07:00,2025-10-30T21:42:08-07:00,0,38
projects\projects.js,11,js,60a35c77,Susana,2025-10-30,21:42:08,-07:00,2025-10-30T21:42:08-07:00,2,27
projects\projects.js,12,js,60a35c77,Susana,2025-10-30,21:42:08,-07:00,2025-10-30T21:42:08-07:00,2,34
projects\projects.js,13,js,60a35c77,Susana,2025-10-30,21:42:08,-07:00,2025-10-30T21:42:08-07:00,0,0
projects\projects.js,14,js,60a35c77,Susana,2025-10-30,21:42:08,-07:00,2025-10-30T21:42:08-07:00,2,29
projects\projects.js,15,js,60a35c77,Susana,2025-10-30,21:42:08,-07:00,2025-10-30T21:42:08-07:00,2,29
projects\projects.js,16,js,60a35c77,Susana,2025-10-30,21:42:08,-07:00,2025-10-30T21:42:08-07:00,0,0
projects\projects.js,17,js,60a35c77,Susana,2025-10-30,21:42:08,-07:00,2025-10-30T21:42:08-07:00,2,49
projects\projects.js,18,js,60a35c77,Susana,2025-10-30,21:42:08,-07:00,2025-10-30T21:42:08-07:00,0,0
projects\projects.js,19,js,60a35c77,Susana,2025-10-30,21:42:08,-07:00,2025-10-30T21:42:08-07:00,2,29
projects\projects.js,20,js,60a35c77,Susana,2025-10-30,21:42:08,-07:00,2025-10-30T21:42:08-07:00,4,12
projects\projects.js,21,js,60a35c77,Susana,2025-10-30,21:42:08,-07:00,2025-10-30T21:42:08-07:00,4,14
projects\projects.js,22,js,60a35c77,Susana,2025-10-30,21:42:08,-07:00,2025-10-30T21:42:08-07:00,4,12
projects\projects.js,23,js,60a35c77,Susana,2025-10-30,21:42:08,-07:00,2025-10-30T21:42:08-07:00,2,0
projects\projects.js,24,js,60a35c77,Susana,2025-10-30,21:42:08,-07:00,2025-10-30T21:42:08-07:00,0,0
projects\projects.js,25,js,60a35c77,Susana,2025-10-30,21:42:08,-07:00,2025-10-30T21:42:08-07:00,2,50
projects\projects.js,26,js,60a35c77,Susana,2025-10-30,21:42:08,-07:00,2025-10-30T21:42:08-07:00,4,35
projects\projects.js,27,js,60a35c77,Susana,2025-10-30,21:42:08,-07:00,2025-10-30T21:42:08-07:00,2,1
projects\projects.js,28,js,60a35c77,Susana,2025-10-30,21:42:08,-07:00,2025-10-30T21:42:08-07:00,0,0
projects\projects.js,29,js,60a35c77,Susana,2025-10-30,21:42:08,-07:00,2025-10-30T21:42:08-07:00,2,57
projects\projects.js,30,js,60a35c77,Susana,2025-10-30,21:42:08,-07:00,2025-10-30T21:42:08-07:00,2,53
projects\projects.js,31,js,60a35c77,Susana,2025-10-30,21:42:08,-07:00,2025-10-30T21:42:08-07:00,2,42
projects\projects.js,32,js,60a35c77,Susana,2025-10-30,21:42:08,-07:00,2025-10-30T21:42:08-07:00,2,51
projects\projects.js,33,js,60a35c77,Susana,2025-10-30,21:42:08,-07:00,2025-10-30T21:42:08-07:00,2,21
projects\projects.js,34,js,60a35c77,Susana,2025-10-30,21:42:08,-07:00,2025-10-30T21:42:08-07:00,0,0
projects\projects.js,35,js,60a35c77,Susana,2025-10-30,21:42:08,-07:00,2025-10-30T21:42:08-07:00,2,29
projects\projects.js,36,js,60a35c77,Susana,2025-10-30,21:42:08,-07:00,2025-10-30T21:42:08-07:00,4,16
projects\projects.js,37,js,60a35c77,Susana,2025-10-30,21:42:08,-07:00,2025-10-30T21:42:08-07:00,4,13
projects\projects.js,38,js,60a35c77,Susana,2025-10-30,21:42:08,-07:00,2025-10-30T21:42:08-07:00,4,24
projects\projects.js,39,js,60a35c77,Susana,2025-10-30,21:42:08,-07:00,2025-10-30T21:42:08-07:00,4,46
projects\projects.js,40,js,60a35c77,Susana,2025-10-30,21:42:08,-07:00,2025-10-30T21:42:08-07:00,4,18
projects\projects.js,41,js,60a35c77,Susana,2025-10-30,21:42:08,-07:00,2025-10-30T21:42:08-07:00,8,17
projects\projects.js,42,js,60a35c77,Susana,2025-10-30,21:42:08,-07:00,2025-10-30T21:42:08-07:00,8,47
projects\projects.js,43,js,60a35c77,Susana,2025-10-30,21:42:08,-07:00,2025-10-30T21:42:08-07:00,0,0
projects\projects.js,44,js,60a35c77,Susana,2025-10-30,21:42:08,-07:00,2025-10-30T21:42:08-07:00,8,20
projects\projects.js,45,js,60a35c77,Susana,2025-10-30,21:42:08,-07:00,2025-10-30T21:42:08-07:00,8,19
projects\projects.js,46,js,60a35c77,Susana,2025-10-30,21:42:08,-07:00,2025-10-30T21:42:08-07:00,8,64
projects\projects.js,47,js,60a35c77,Susana,2025-10-30,21:42:08,-07:00,2025-10-30T21:42:08-07:00,0,0
projects\projects.js,48,js,60a35c77,Susana,2025-10-30,21:42:08,-07:00,2025-10-30T21:42:08-07:00,8,22
projects\projects.js,49,js,60a35c77,Susana,2025-10-30,21:42:08,-07:00,2025-10-30T21:42:08-07:00,8,20
projects\projects.js,50,js,60a35c77,Susana,2025-10-30,21:42:08,-07:00,2025-10-30T21:42:08-07:00,10,87
projects\projects.js,51,js,60a35c77,Susana,2025-10-30,21:42:08,-07:00,2025-10-30T21:42:08-07:00,0,0
projects\projects.js,52,js,60a35c77,Susana,2025-10-30,21:42:08,-07:00,2025-10-30T21:42:08-07:00,8,37
projects\projects.js,53,js,60a35c77,Susana,2025-10-30,21:42:08,-07:00,2025-10-30T21:42:08-07:00,8,25
projects\projects.js,54,js,60a35c77,Susana,2025-10-30,21:42:08,-07:00,2025-10-30T21:42:08-07:00,10,37
projects\projects.js,55,js,60a35c77,Susana,2025-10-30,21:42:08,-07:00,2025-10-30T21:42:08-07:00,10,48
projects\projects.js,56,js,60a35c77,Susana,2025-10-30,21:42:08,-07:00,2025-10-30T21:42:08-07:00,8,6
projects\projects.js,57,js,60a35c77,Susana,2025-10-30,21:42:08,-07:00,2025-10-30T21:42:08-07:00,10,31
projects\projects.js,58,js,60a35c77,Susana,2025-10-30,21:42:08,-07:00,2025-10-30T21:42:08-07:00,10,48
projects\projects.js,59,js,60a35c77,Susana,2025-10-30,21:42:08,-07:00,2025-10-30T21:42:08-07:00,10,66
projects\projects.js,60,js,60a35c77,Susana,2025-10-30,21:42:08,-07:00,2025-10-30T21:42:08-07:00,10,48
projects\projects.js,61,js,60a35c77,Susana,2025-10-30,21:42:08,-07:00,2025-10-30T21:42:08-07:00,8,0
projects\projects.js,62,js,60a35c77,Susana,2025-10-30,21:42:08,-07:00,2025-10-30T21:42:08-07:00,4,1
projects\projects.js,63,js,60a35c77,Susana,2025-10-30,21:42:08,-07:00,2025-10-30T21:42:08-07:00,2,1
projects\projects.js,64,js,60a35c77,Susana,2025-10-30,21:42:08,-07:00,2025-10-30T21:42:08-07:00,0,0
projects\projects.js,65,js,60a35c77,Susana,2025-10-30,21:42:08,-07:00,2025-10-30T21:42:08-07:00,2,64
projects\projects.js,66,js,60a35c77,Susana,2025-10-30,21:42:08,-07:00,2025-10-30T21:42:08-07:00,0,0
projects\projects.js,67,js,60a35c77,Susana,2025-10-30,21:42:08,-07:00,2025-10-30T21:42:08-07:00,2,27
projects\projects.js,68,js,60a35c77,Susana,2025-10-30,21:42:08,-07:00,2025-10-30T21:42:08-07:00,4,21
projects\projects.js,69,js,60a35c77,Susana,2025-10-30,21:42:08,-07:00,2025-10-30T21:42:08-07:00,7,38
projects\projects.js,70,js,60a35c77,Susana,2025-10-30,21:42:08,-07:00,2025-10-30T21:42:08-07:00,7,27
projects\projects.js,71,js,60a35c77,Susana,2025-10-30,21:42:08,-07:00,2025-10-30T21:42:08-07:00,7,69
projects\projects.js,72,js,60a35c77,Susana,2025-10-30,21:42:08,-07:00,2025-10-30T21:42:08-07:00,2,1
projects\projects.js,73,js,60a35c77,Susana,2025-10-30,21:42:08,-07:00,2025-10-30T21:42:08-07:00,0,0
projects\projects.js,74,js,60a35c77,Susana,2025-10-30,21:42:08,-07:00,2025-10-30T21:42:08-07:00,2,0
projects\projects.js,75,js,60a35c77,Susana,2025-10-30,21:42:08,-07:00,2025-10-30T21:42:08-07:00,0,0
projects\projects.js,76,js,60a35c77,Susana,2025-10-30,21:42:08,-07:00,2025-10-30T21:42:08-07:00,0,0
projects\projects.js,77,js,60a35c77,Susana,2025-10-30,21:42:08,-07:00,2025-10-30T21:42:08-07:00,0,23
projects\projects.js,78,js,991ce388,Susana,2025-10-22,22:20:35,-07:00,2025-10-22T22:20:35-07:00,0,0
projects\projects.js,79,js,60a35c77,Susana,2025-10-30,21:42:08,-07:00,2025-10-30T21:42:08-07:00,0,48
projects\projects.js,80,js,60a35c77,Susana,2025-10-30,21:42:08,-07:00,2025-10-30T21:42:08-07:00,2,29
projects\projects.js,81,js,60a35c77,Susana,2025-10-30,21:42:08,-07:00,2025-10-30T21:42:08-07:00,2,51
projects\projects.js,82,js,60a35c77,Susana,2025-10-30,21:42:08,-07:00,2025-10-30T21:42:08-07:00,4,59
projects\projects.js,83,js,60a35c77,Susana,2025-10-30,21:42:08,-07:00,2025-10-30T21:42:08-07:00,4,42
projects\projects.js,84,js,60a35c77,Susana,2025-10-30,21:42:08,-07:00,2025-10-30T21:42:08-07:00,2,1
projects\projects.js,85,js,60a35c77,Susana,2025-10-30,21:42:08,-07:00,2025-10-30T21:42:08-07:00,2,56
projects\projects.js,86,js,60a35c77,Susana,2025-10-30,21:42:08,-07:00,2025-10-30T21:42:08-07:00,2,31
projects\projects.js,87,js,60a35c77,Susana,2025-10-30,21:42:08,-07:00,2025-10-30T21:42:08-07:00,0,1
projects\index.html,1,html,55dab1fd,Susana,2025-09-29,21:13:47,-07:00,2025-09-29T21:13:47-07:00,0,13
projects\index.html,2,html,55dab1fd,Susana,2025-09-29,21:13:47,-07:00,2025-09-29T21:13:47-07:00,0,14
projects\index.html,3,html,55dab1fd,Susana,2025-09-29,21:13:47,-07:00,2025-09-29T21:13:47-07:00,0,4
projects\index.html,4,html,55dab1fd,Susana,2025-09-29,21:13:47,-07:00,2025-09-29T21:13:47-07:00,2,20
projects\index.html,5,html,55dab1fd,Susana,2025-09-29,21:13:47,-07:00,2025-09-29T21:13:47-07:00,2,68
projects\index.html,6,html,55dab1fd,Susana,2025-09-29,21:13:47,-07:00,2025-09-29T21:13:47-07:00,2,21
projects\index.html,7,html,db186fc7,Susana,2025-10-07,21:35:43,-07:00,2025-10-07T21:35:43-07:00,2,44
projects\index.html,8,html,991ce388,Susana,2025-10-22,22:20:35,-07:00,2025-10-22T22:20:35-07:00,2,48
projects\index.html,9,html,761256c6,Susana,2025-10-22,23:01:17,-07:00,2025-10-22T23:01:17-07:00,2,50
projects\index.html,10,html,991ce388,Susana,2025-10-22,22:20:35,-07:00,2025-10-22T22:20:35-07:00,0,47
projects\index.html,11,html,55dab1fd,Susana,2025-09-29,21:13:47,-07:00,2025-09-29T21:13:47-07:00,0,5
projects\index.html,12,html,1f394c38,Susana,2025-10-17,13:39:50,-07:00,2025-10-17T13:39:50-07:00,0,4
projects\index.html,13,html,639537e1,Susana,2025-10-22,22:55:06,-07:00,2025-10-22T22:55:06-07:00,2,40
projects\index.html,14,html,60a35c77,Susana,2025-10-30,21:42:08,-07:00,2025-10-30T21:42:08-07:00,0,0
projects\index.html,15,html,60a35c77,Susana,2025-10-30,21:42:08,-07:00,2025-10-30T21:42:08-07:00,2,21
projects\index.html,16,html,60a35c77,Susana,2025-10-30,21:42:08,-07:00,2025-10-30T21:42:08-07:00,4,52
projects\index.html,17,html,60a35c77,Susana,2025-10-30,21:42:08,-07:00,2025-10-30T21:42:08-07:00,6,68
projects\index.html,18,html,60a35c77,Susana,2025-10-30,21:42:08,-07:00,2025-10-30T21:42:08-07:00,4,4
projects\index.html,19,html,60a35c77,Susana,2025-10-30,21:42:08,-07:00,2025-10-30T21:42:08-07:00,0,0
projects\index.html,20,html,60a35c77,Susana,2025-10-30,21:42:08,-07:00,2025-10-30T21:42:08-07:00,4,22
projects\index.html,21,html,60a35c77,Susana,2025-10-30,21:42:08,-07:00,2025-10-30T21:42:08-07:00,2,4
projects\index.html,22,html,60a35c77,Susana,2025-10-30,21:42:08,-07:00,2025-10-30T21:42:08-07:00,2,4
projects\index.html,23,html,60a35c77,Susana,2025-10-30,21:42:08,-07:00,2025-10-30T21:42:08-07:00,4,15
projects\index.html,24,html,60a35c77,Susana,2025-10-30,21:42:08,-07:00,2025-10-30T21:42:08-07:00,4,11
projects\index.html,25,html,60a35c77,Susana,2025-10-30,21:42:08,-07:00,2025-10-30T21:42:08-07:00,4,26
projects\index.html,26,html,60a35c77,Susana,2025-10-30,21:42:08,-07:00,2025-10-30T21:42:08-07:00,4,31
projects\index.html,27,html,60a35c77,Susana,2025-10-30,21:42:08,-07:00,2025-10-30T21:42:08-07:00,2,0
projects\index.html,28,html,60a35c77,Susana,2025-10-30,21:42:08,-07:00,2025-10-30T21:42:08-07:00,2,0
projects\index.html,29,html,0e866536,Susana,2025-10-10,17:37:13,-07:00,2025-10-10T17:37:13-07:00,2,20
projects\index.html,30,html,991ce388,Susana,2025-10-22,22:20:35,-07:00,2025-10-22T22:20:35-07:00,3,0
projects\index.html,31,html,6538b5c8,Susana,2025-10-15,18:15:08,-07:00,2025-10-15T18:15:08-07:00,2,4
projects\index.html,32,html,0e866536,Susana,2025-10-10,17:37:13,-07:00,2025-10-10T17:37:13-07:00,0,0
projects\index.html,33,html,60a35c77,Susana,2025-10-30,21:42:08,-07:00,2025-10-30T21:42:08-07:00,0,0
projects\index.html,34,html,55dab1fd,Susana,2025-09-29,21:13:47,-07:00,2025-09-29T21:13:47-07:00,0,5
projects\index.html,35,html,55dab1fd,Susana,2025-09-29,21:13:47,-07:00,2025-09-29T21:13:47-07:00,0,5
contact\index.html,1,html,55dab1fd,Susana,2025-09-29,21:13:47,-07:00,2025-09-29T21:13:47-07:00,0,13
contact\index.html,2,html,55dab1fd,Susana,2025-09-29,21:13:47,-07:00,2025-09-29T21:13:47-07:00,0,14
contact\index.html,3,html,55dab1fd,Susana,2025-09-29,21:13:47,-07:00,2025-09-29T21:13:47-07:00,0,4
contact\index.html,4,html,55dab1fd,Susana,2025-09-29,21:13:47,-07:00,2025-09-29T21:13:47-07:00,2,20
contact\index.html,5,html,55dab1fd,Susana,2025-09-29,21:13:47,-07:00,2025-09-29T21:13:47-07:00,2,68
contact\index.html,6,html,55dab1fd,Susana,2025-09-29,21:13:47,-07:00,2025-09-29T21:13:47-07:00,2,20
contact\index.html,7,html,db186fc7,Susana,2025-10-07,21:35:43,-07:00,2025-10-07T21:35:43-07:00,2,44
contact\index.html,8,html,55dab1fd,Susana,2025-09-29,21:13:47,-07:00,2025-09-29T21:13:47-07:00,0,5
contact\index.html,9,html,55dab1fd,Susana,2025-09-29,21:13:47,-07:00,2025-09-29T21:13:47-07:00,0,4
contact\index.html,10,html,83e577b1,Susana,2025-10-10,14:24:17,-07:00,2025-10-10T14:24:17-07:00,2,39
contact\index.html,11,html,97eb559d,Susana,2025-10-17,14:30:07,-07:00,2025-10-17T14:30:07-07:00,2,57
contact\index.html,12,html,79cc073e,Susana,2025-09-29,22:24:04,-07:00,2025-09-29T22:24:04-07:00,4,23
contact\index.html,13,html,0379155e,Susana,2025-09-29,22:08:35,-07:00,2025-09-29T22:08:35-07:00,4,51
contact\index.html,14,html,79cc073e,Susana,2025-09-29,22:24:04,-07:00,2025-09-29T22:24:04-07:00,4,6
contact\index.html,15,html,79cc073e,Susana,2025-09-29,22:24:04,-07:00,2025-09-29T22:24:04-07:00,4,27
contact\index.html,16,html,79cc073e,Susana,2025-09-29,22:24:04,-07:00,2025-09-29T22:24:04-07:00,4,54
contact\index.html,17,html,79cc073e,Susana,2025-09-29,22:24:04,-07:00,2025-09-29T22:24:04-07:00,4,6
contact\index.html,18,html,79cc073e,Susana,2025-09-29,22:24:04,-07:00,2025-09-29T22:24:04-07:00,4,21
contact\index.html,19,html,0379155e,Susana,2025-09-29,22:08:35,-07:00,2025-09-29T22:08:35-07:00,4,50
contact\index.html,20,html,79cc073e,Susana,2025-09-29,22:24:04,-07:00,2025-09-29T22:24:04-07:00,4,6
contact\index.html,21,html,0379155e,Susana,2025-09-29,22:08:35,-07:00,2025-09-29T22:08:35-07:00,4,33
contact\index.html,22,html,0379155e,Susana,2025-09-29,22:08:35,-07:00,2025-09-29T22:08:35-07:00,2,5
contact\index.html,23,html,6538b5c8,Susana,2025-10-15,18:15:08,-07:00,2025-10-15T18:15:08-07:00,0,0
contact\index.html,24,html,1355e938,Susana,2025-10-15,18:19:58,-07:00,2025-10-15T18:19:58-07:00,2,48
contact\index.html,25,html,6538b5c8,Susana,2025-10-15,18:15:08,-07:00,2025-10-15T18:15:08-07:00,0,0
contact\index.html,26,html,55dab1fd,Susana,2025-09-29,21:13:47,-07:00,2025-09-29T21:13:47-07:00,0,5
contact\index.html,27,html,55dab1fd,Susana,2025-09-29,21:13:47,-07:00,2025-09-29T21:13:47-07:00,0,0
contact\index.html,28,html,55dab1fd,Susana,2025-09-29,21:13:47,-07:00,2025-09-29T21:13:47-07:00,0,5
